-- MySQL dump 10.13  Distrib 5.5.46, for debian-linux-gnu (x86_64)
--
-- Host: localhost    Database: mungu
-- ------------------------------------------------------
-- Server version	5.5.46-0ubuntu0.14.04.2

/*!40101 SET @OLD_CHARACTER_SET_CLIENT=@@CHARACTER_SET_CLIENT */;
/*!40101 SET @OLD_CHARACTER_SET_RESULTS=@@CHARACTER_SET_RESULTS */;
/*!40101 SET @OLD_COLLATION_CONNECTION=@@COLLATION_CONNECTION */;
/*!40101 SET NAMES utf8 */;
/*!40103 SET @OLD_TIME_ZONE=@@TIME_ZONE */;
/*!40103 SET TIME_ZONE='+00:00' */;
/*!40014 SET @OLD_UNIQUE_CHECKS=@@UNIQUE_CHECKS, UNIQUE_CHECKS=0 */;
/*!40014 SET @OLD_FOREIGN_KEY_CHECKS=@@FOREIGN_KEY_CHECKS, FOREIGN_KEY_CHECKS=0 */;
/*!40101 SET @OLD_SQL_MODE=@@SQL_MODE, SQL_MODE='NO_AUTO_VALUE_ON_ZERO' */;
/*!40111 SET @OLD_SQL_NOTES=@@SQL_NOTES, SQL_NOTES=0 */;

--
-- Table structure for table `auth_group`
--

DROP TABLE IF EXISTS `auth_group`;
/*!40101 SET @saved_cs_client     = @@character_set_client */;
/*!40101 SET character_set_client = utf8 */;
CREATE TABLE `auth_group` (
  `id` int(11) NOT NULL AUTO_INCREMENT,
  `name` varchar(80) NOT NULL,
  PRIMARY KEY (`id`),
  UNIQUE KEY `name` (`name`)
) ENGINE=InnoDB DEFAULT CHARSET=utf8;
/*!40101 SET character_set_client = @saved_cs_client */;

--
-- Dumping data for table `auth_group`
--

LOCK TABLES `auth_group` WRITE;
/*!40000 ALTER TABLE `auth_group` DISABLE KEYS */;
/*!40000 ALTER TABLE `auth_group` ENABLE KEYS */;
UNLOCK TABLES;

--
-- Table structure for table `auth_group_permissions`
--

DROP TABLE IF EXISTS `auth_group_permissions`;
/*!40101 SET @saved_cs_client     = @@character_set_client */;
/*!40101 SET character_set_client = utf8 */;
CREATE TABLE `auth_group_permissions` (
  `id` int(11) NOT NULL AUTO_INCREMENT,
  `group_id` int(11) NOT NULL,
  `permission_id` int(11) NOT NULL,
  PRIMARY KEY (`id`),
  UNIQUE KEY `group_id` (`group_id`,`permission_id`),
  KEY `auth_group__permission_id_1f49ccbbdc69d2fc_fk_auth_permission_id` (`permission_id`),
  CONSTRAINT `auth_group_permission_group_id_689710a9a73b7457_fk_auth_group_id` FOREIGN KEY (`group_id`) REFERENCES `auth_group` (`id`),
  CONSTRAINT `auth_group__permission_id_1f49ccbbdc69d2fc_fk_auth_permission_id` FOREIGN KEY (`permission_id`) REFERENCES `auth_permission` (`id`)
) ENGINE=InnoDB DEFAULT CHARSET=utf8;
/*!40101 SET character_set_client = @saved_cs_client */;

--
-- Dumping data for table `auth_group_permissions`
--

LOCK TABLES `auth_group_permissions` WRITE;
/*!40000 ALTER TABLE `auth_group_permissions` DISABLE KEYS */;
/*!40000 ALTER TABLE `auth_group_permissions` ENABLE KEYS */;
UNLOCK TABLES;

--
-- Table structure for table `auth_permission`
--

DROP TABLE IF EXISTS `auth_permission`;
/*!40101 SET @saved_cs_client     = @@character_set_client */;
/*!40101 SET character_set_client = utf8 */;
CREATE TABLE `auth_permission` (
  `id` int(11) NOT NULL AUTO_INCREMENT,
  `name` varchar(255) NOT NULL,
  `content_type_id` int(11) NOT NULL,
  `codename` varchar(100) NOT NULL,
  PRIMARY KEY (`id`),
  UNIQUE KEY `content_type_id` (`content_type_id`,`codename`),
  CONSTRAINT `auth__content_type_id_508cf46651277a81_fk_django_content_type_id` FOREIGN KEY (`content_type_id`) REFERENCES `django_content_type` (`id`)
) ENGINE=InnoDB AUTO_INCREMENT=40 DEFAULT CHARSET=utf8;
/*!40101 SET character_set_client = @saved_cs_client */;

--
-- Dumping data for table `auth_permission`
--

LOCK TABLES `auth_permission` WRITE;
/*!40000 ALTER TABLE `auth_permission` DISABLE KEYS */;
INSERT INTO `auth_permission` VALUES (1,'Can add log entry',1,'add_logentry'),(2,'Can change log entry',1,'change_logentry'),(3,'Can delete log entry',1,'delete_logentry'),(4,'Can add permission',2,'add_permission'),(5,'Can change permission',2,'change_permission'),(6,'Can delete permission',2,'delete_permission'),(7,'Can add group',3,'add_group'),(8,'Can change group',3,'change_group'),(9,'Can delete group',3,'delete_group'),(10,'Can add user',4,'add_user'),(11,'Can change user',4,'change_user'),(12,'Can delete user',4,'delete_user'),(13,'Can add content type',5,'add_contenttype'),(14,'Can change content type',5,'change_contenttype'),(15,'Can delete content type',5,'delete_contenttype'),(16,'Can add session',6,'add_session'),(17,'Can change session',6,'change_session'),(18,'Can delete session',6,'delete_session'),(22,'Can add location аймаг',8,'add_aimag_city'),(23,'Can change location аймаг',8,'change_aimag_city'),(24,'Can delete location аймаг',8,'delete_aimag_city'),(25,'Can add location сум',9,'add_soum_district'),(26,'Can change location сум',9,'change_soum_district'),(27,'Can delete location сум',9,'delete_soum_district'),(28,'Can add location баг',10,'add_bag_khoroo'),(29,'Can change location баг',10,'change_bag_khoroo'),(30,'Can delete location баг',10,'delete_bag_khoroo'),(34,'Can add tamgas',12,'add_tamgas'),(35,'Can change tamgas',12,'change_tamgas'),(36,'Can delete tamgas',12,'delete_tamgas'),(37,'Can add nershil',13,'add_nershil'),(38,'Can change nershil',13,'change_nershil'),(39,'Can delete nershil',13,'delete_nershil');
/*!40000 ALTER TABLE `auth_permission` ENABLE KEYS */;
UNLOCK TABLES;

--
-- Table structure for table `auth_user`
--

DROP TABLE IF EXISTS `auth_user`;
/*!40101 SET @saved_cs_client     = @@character_set_client */;
/*!40101 SET character_set_client = utf8 */;
CREATE TABLE `auth_user` (
  `id` int(11) NOT NULL AUTO_INCREMENT,
  `password` varchar(128) NOT NULL,
  `last_login` datetime DEFAULT NULL,
  `is_superuser` tinyint(1) NOT NULL,
  `username` varchar(30) NOT NULL,
  `first_name` varchar(30) NOT NULL,
  `last_name` varchar(30) NOT NULL,
  `email` varchar(254) NOT NULL,
  `is_staff` tinyint(1) NOT NULL,
  `is_active` tinyint(1) NOT NULL,
  `date_joined` datetime NOT NULL,
  PRIMARY KEY (`id`),
  UNIQUE KEY `username` (`username`)
) ENGINE=InnoDB AUTO_INCREMENT=2 DEFAULT CHARSET=utf8;
/*!40101 SET character_set_client = @saved_cs_client */;

--
-- Dumping data for table `auth_user`
--

LOCK TABLES `auth_user` WRITE;
/*!40000 ALTER TABLE `auth_user` DISABLE KEYS */;
INSERT INTO `auth_user` VALUES (1,'pbkdf2_sha256$20000$AYlektWweaRp$lv716oxBQP1rEv34/fckX0l6QvFElhN60NSqizc+jzM=','2016-03-20 06:44:51',1,'mungu','','','mungu@gmail.com',1,1,'2016-03-17 05:58:15');
/*!40000 ALTER TABLE `auth_user` ENABLE KEYS */;
UNLOCK TABLES;

--
-- Table structure for table `auth_user_groups`
--

DROP TABLE IF EXISTS `auth_user_groups`;
/*!40101 SET @saved_cs_client     = @@character_set_client */;
/*!40101 SET character_set_client = utf8 */;
CREATE TABLE `auth_user_groups` (
  `id` int(11) NOT NULL AUTO_INCREMENT,
  `user_id` int(11) NOT NULL,
  `group_id` int(11) NOT NULL,
  PRIMARY KEY (`id`),
  UNIQUE KEY `user_id` (`user_id`,`group_id`),
  KEY `auth_user_groups_group_id_33ac548dcf5f8e37_fk_auth_group_id` (`group_id`),
  CONSTRAINT `auth_user_groups_group_id_33ac548dcf5f8e37_fk_auth_group_id` FOREIGN KEY (`group_id`) REFERENCES `auth_group` (`id`),
  CONSTRAINT `auth_user_groups_user_id_4b5ed4ffdb8fd9b0_fk_auth_user_id` FOREIGN KEY (`user_id`) REFERENCES `auth_user` (`id`)
) ENGINE=InnoDB DEFAULT CHARSET=utf8;
/*!40101 SET character_set_client = @saved_cs_client */;

--
-- Dumping data for table `auth_user_groups`
--

LOCK TABLES `auth_user_groups` WRITE;
/*!40000 ALTER TABLE `auth_user_groups` DISABLE KEYS */;
/*!40000 ALTER TABLE `auth_user_groups` ENABLE KEYS */;
UNLOCK TABLES;

--
-- Table structure for table `auth_user_user_permissions`
--

DROP TABLE IF EXISTS `auth_user_user_permissions`;
/*!40101 SET @saved_cs_client     = @@character_set_client */;
/*!40101 SET character_set_client = utf8 */;
CREATE TABLE `auth_user_user_permissions` (
  `id` int(11) NOT NULL AUTO_INCREMENT,
  `user_id` int(11) NOT NULL,
  `permission_id` int(11) NOT NULL,
  PRIMARY KEY (`id`),
  UNIQUE KEY `user_id` (`user_id`,`permission_id`),
  KEY `auth_user_u_permission_id_384b62483d7071f0_fk_auth_permission_id` (`permission_id`),
  CONSTRAINT `auth_user_user_permissi_user_id_7f0938558328534a_fk_auth_user_id` FOREIGN KEY (`user_id`) REFERENCES `auth_user` (`id`),
  CONSTRAINT `auth_user_u_permission_id_384b62483d7071f0_fk_auth_permission_id` FOREIGN KEY (`permission_id`) REFERENCES `auth_permission` (`id`)
) ENGINE=InnoDB DEFAULT CHARSET=utf8;
/*!40101 SET character_set_client = @saved_cs_client */;

--
-- Dumping data for table `auth_user_user_permissions`
--

LOCK TABLES `auth_user_user_permissions` WRITE;
/*!40000 ALTER TABLE `auth_user_user_permissions` DISABLE KEYS */;
/*!40000 ALTER TABLE `auth_user_user_permissions` ENABLE KEYS */;
UNLOCK TABLES;

--
-- Table structure for table `django_admin_log`
--

DROP TABLE IF EXISTS `django_admin_log`;
/*!40101 SET @saved_cs_client     = @@character_set_client */;
/*!40101 SET character_set_client = utf8 */;
CREATE TABLE `django_admin_log` (
  `id` int(11) NOT NULL AUTO_INCREMENT,
  `action_time` datetime NOT NULL,
  `object_id` longtext,
  `object_repr` varchar(200) NOT NULL,
  `action_flag` smallint(5) unsigned NOT NULL,
  `change_message` longtext NOT NULL,
  `content_type_id` int(11) DEFAULT NULL,
  `user_id` int(11) NOT NULL,
  PRIMARY KEY (`id`),
  KEY `djang_content_type_id_697914295151027a_fk_django_content_type_id` (`content_type_id`),
  KEY `django_admin_log_user_id_52fdd58701c5f563_fk_auth_user_id` (`user_id`),
  CONSTRAINT `django_admin_log_user_id_52fdd58701c5f563_fk_auth_user_id` FOREIGN KEY (`user_id`) REFERENCES `auth_user` (`id`),
  CONSTRAINT `djang_content_type_id_697914295151027a_fk_django_content_type_id` FOREIGN KEY (`content_type_id`) REFERENCES `django_content_type` (`id`)
) ENGINE=InnoDB AUTO_INCREMENT=16 DEFAULT CHARSET=utf8;
/*!40101 SET character_set_client = @saved_cs_client */;

--
-- Dumping data for table `django_admin_log`
--

LOCK TABLES `django_admin_log` WRITE;
/*!40000 ALTER TABLE `django_admin_log` DISABLE KEYS */;
INSERT INTO `django_admin_log` VALUES (5,'2016-03-17 06:27:13','1','alhan',1,'',12,1),(6,'2016-03-17 06:31:22','1','alhan',2,'Changed image.',12,1),(7,'2016-03-17 06:32:26','1','алхан',1,'',13,1),(8,'2016-03-17 06:32:31','2','нар сар',1,'',13,1),(9,'2016-03-17 06:32:38','3','дөрвөлжин',1,'',13,1),(10,'2016-03-17 06:32:42','4','гал',1,'',13,1),(11,'2016-03-17 06:36:06','1','alhan',2,'Changed nershil.',12,1),(12,'2016-03-17 06:45:06','1','<img height=\"100\"  src=\"/media/tamga/1.png\" />',2,'Changed image.',12,1),(13,'2016-03-17 07:56:23','1','alhan',2,'Changed nershil.',12,1),(14,'2016-03-17 07:56:50','2','хар блах',1,'',12,1),(15,'2016-03-20 06:46:12','1','alhan',2,'Changed image.',12,1);
/*!40000 ALTER TABLE `django_admin_log` ENABLE KEYS */;
UNLOCK TABLES;

--
-- Table structure for table `django_content_type`
--

DROP TABLE IF EXISTS `django_content_type`;
/*!40101 SET @saved_cs_client     = @@character_set_client */;
/*!40101 SET character_set_client = utf8 */;
CREATE TABLE `django_content_type` (
  `id` int(11) NOT NULL AUTO_INCREMENT,
  `app_label` varchar(100) NOT NULL,
  `model` varchar(100) NOT NULL,
  PRIMARY KEY (`id`),
  UNIQUE KEY `django_content_type_app_label_45f3b1d93ec8c61c_uniq` (`app_label`,`model`)
) ENGINE=InnoDB AUTO_INCREMENT=14 DEFAULT CHARSET=utf8;
/*!40101 SET character_set_client = @saved_cs_client */;

--
-- Dumping data for table `django_content_type`
--

LOCK TABLES `django_content_type` WRITE;
/*!40000 ALTER TABLE `django_content_type` DISABLE KEYS */;
INSERT INTO `django_content_type` VALUES (1,'admin','logentry'),(3,'auth','group'),(2,'auth','permission'),(4,'auth','user'),(5,'contenttypes','contenttype'),(8,'main','aimag_city'),(10,'main','bag_khoroo'),(13,'main','nershil'),(9,'main','soum_district'),(12,'main','tamgas'),(6,'sessions','session');
/*!40000 ALTER TABLE `django_content_type` ENABLE KEYS */;
UNLOCK TABLES;

--
-- Table structure for table `django_migrations`
--

DROP TABLE IF EXISTS `django_migrations`;
/*!40101 SET @saved_cs_client     = @@character_set_client */;
/*!40101 SET character_set_client = utf8 */;
CREATE TABLE `django_migrations` (
  `id` int(11) NOT NULL AUTO_INCREMENT,
  `app` varchar(255) NOT NULL,
  `name` varchar(255) NOT NULL,
  `applied` datetime NOT NULL,
  PRIMARY KEY (`id`)
) ENGINE=InnoDB AUTO_INCREMENT=18 DEFAULT CHARSET=utf8;
/*!40101 SET character_set_client = @saved_cs_client */;

--
-- Dumping data for table `django_migrations`
--

LOCK TABLES `django_migrations` WRITE;
/*!40000 ALTER TABLE `django_migrations` DISABLE KEYS */;
INSERT INTO `django_migrations` VALUES (1,'contenttypes','0001_initial','2016-03-17 05:57:08'),(2,'auth','0001_initial','2016-03-17 05:57:08'),(3,'admin','0001_initial','2016-03-17 05:57:08'),(4,'contenttypes','0002_remove_content_type_name','2016-03-17 05:57:08'),(5,'auth','0002_alter_permission_name_max_length','2016-03-17 05:57:08'),(6,'auth','0003_alter_user_email_max_length','2016-03-17 05:57:08'),(7,'auth','0004_alter_user_username_opts','2016-03-17 05:57:08'),(8,'auth','0005_alter_user_last_login_null','2016-03-17 05:57:08'),(9,'auth','0006_require_contenttypes_0002','2016-03-17 05:57:08'),(10,'main','0001_initial','2016-03-17 05:57:08'),(11,'sessions','0001_initial','2016-03-17 05:57:08'),(12,'main','0002_auto_20160317_0613','2016-03-17 06:13:31'),(13,'main','0003_delete_tamga','2016-03-17 06:23:11'),(14,'main','0004_auto_20160317_0624','2016-03-17 06:25:40'),(15,'main','0002_auto_20160317_0630','2016-03-17 06:30:49'),(16,'main','0003_tamgas_imagebrowse','2016-03-17 07:34:51'),(17,'main','0004_auto_20160318_1053','2016-03-18 10:53:49');
/*!40000 ALTER TABLE `django_migrations` ENABLE KEYS */;
UNLOCK TABLES;

--
-- Table structure for table `django_session`
--

DROP TABLE IF EXISTS `django_session`;
/*!40101 SET @saved_cs_client     = @@character_set_client */;
/*!40101 SET character_set_client = utf8 */;
CREATE TABLE `django_session` (
  `session_key` varchar(40) NOT NULL,
  `session_data` longtext NOT NULL,
  `expire_date` datetime NOT NULL,
  PRIMARY KEY (`session_key`),
  KEY `django_session_de54fa62` (`expire_date`)
) ENGINE=InnoDB DEFAULT CHARSET=utf8;
/*!40101 SET character_set_client = @saved_cs_client */;

--
-- Dumping data for table `django_session`
--

LOCK TABLES `django_session` WRITE;
/*!40000 ALTER TABLE `django_session` DISABLE KEYS */;
INSERT INTO `django_session` VALUES ('1lt9bqeafbd7vu78icqjd1my8clg9cal','OTA2OTczNDNkYzg0MDI2MjI3NzcxMzhmYzA3ODJkZmViYmEzYWZiMDp7Il9hdXRoX3VzZXJfaGFzaCI6ImI5Mzk3ZmJmYTAxMzk0NzYwNzRmZGYwNjMyM2Y5OGE0NDQyM2NlMTEiLCJfYXV0aF91c2VyX2JhY2tlbmQiOiJkamFuZ28uY29udHJpYi5hdXRoLmJhY2tlbmRzLk1vZGVsQmFja2VuZCIsIl9hdXRoX3VzZXJfaWQiOiIxIn0=','2016-04-03 06:44:51'),('900cjgfooge1w0x29m0bg1rbrl0oulua','OTA2OTczNDNkYzg0MDI2MjI3NzcxMzhmYzA3ODJkZmViYmEzYWZiMDp7Il9hdXRoX3VzZXJfaGFzaCI6ImI5Mzk3ZmJmYTAxMzk0NzYwNzRmZGYwNjMyM2Y5OGE0NDQyM2NlMTEiLCJfYXV0aF91c2VyX2JhY2tlbmQiOiJkamFuZ28uY29udHJpYi5hdXRoLmJhY2tlbmRzLk1vZGVsQmFja2VuZCIsIl9hdXRoX3VzZXJfaWQiOiIxIn0=','2016-04-01 10:49:36'),('e0m4e6ljvp3afacqilm5nx9secg3efft','OTA2OTczNDNkYzg0MDI2MjI3NzcxMzhmYzA3ODJkZmViYmEzYWZiMDp7Il9hdXRoX3VzZXJfaGFzaCI6ImI5Mzk3ZmJmYTAxMzk0NzYwNzRmZGYwNjMyM2Y5OGE0NDQyM2NlMTEiLCJfYXV0aF91c2VyX2JhY2tlbmQiOiJkamFuZ28uY29udHJpYi5hdXRoLmJhY2tlbmRzLk1vZGVsQmFja2VuZCIsIl9hdXRoX3VzZXJfaWQiOiIxIn0=','2016-03-31 06:01:40');
/*!40000 ALTER TABLE `django_session` ENABLE KEYS */;
UNLOCK TABLES;

--
-- Table structure for table `main_aimag_city`
--

DROP TABLE IF EXISTS `main_aimag_city`;
/*!40101 SET @saved_cs_client     = @@character_set_client */;
/*!40101 SET character_set_client = utf8 */;
CREATE TABLE `main_aimag_city` (
  `id` int(11) NOT NULL AUTO_INCREMENT,
  `name` varchar(50) NOT NULL,
  `is_country` varchar(1) NOT NULL,
  PRIMARY KEY (`id`)
) ENGINE=InnoDB AUTO_INCREMENT=86 DEFAULT CHARSET=utf8;
/*!40101 SET character_set_client = @saved_cs_client */;

--
-- Dumping data for table `main_aimag_city`
--

LOCK TABLES `main_aimag_city` WRITE;
/*!40000 ALTER TABLE `main_aimag_city` DISABLE KEYS */;
INSERT INTO `main_aimag_city` VALUES (11,'Улаанбаатар','1'),(21,'Дорнод','0'),(22,'Сүхбаатар','0'),(23,'Хэнтий','0'),(41,'Төв','0'),(42,'Говьсүмбэр','0'),(43,'Сэлэнгэ','0'),(44,'Дорноговь','0'),(45,'Дархан-Уул','0'),(46,'Өмнөговь','0'),(48,'Дундговь','0'),(61,'Орхон','0'),(62,'Өвөрхангай','0'),(63,'Булган','0'),(64,'Баянхонгор','0'),(65,'Архангай','0'),(67,'Хөвсгөл','0'),(81,'Завхан','0'),(82,'Говь-Алтай','0'),(83,'Баян-Өлгий','0'),(84,'Ховд','0'),(85,'Увс','0');
/*!40000 ALTER TABLE `main_aimag_city` ENABLE KEYS */;
UNLOCK TABLES;

--
-- Table structure for table `main_bag_khoroo`
--

DROP TABLE IF EXISTS `main_bag_khoroo`;
/*!40101 SET @saved_cs_client     = @@character_set_client */;
/*!40101 SET character_set_client = utf8 */;
CREATE TABLE `main_bag_khoroo` (
  `id` int(11) NOT NULL AUTO_INCREMENT,
  `name` varchar(50) NOT NULL,
  `soum_id` int(11) DEFAULT NULL,
  PRIMARY KEY (`id`),
  KEY `surveys_bag_khoroo_85f4269d` (`soum_id`),
  CONSTRAINT `surveys_bag_soum_id_3caa8f2984d3de97_fk_surveys_soum_district_id` FOREIGN KEY (`soum_id`) REFERENCES `main_soum_district` (`id`)
) ENGINE=InnoDB AUTO_INCREMENT=1738 DEFAULT CHARSET=utf8;
/*!40101 SET character_set_client = @saved_cs_client */;

--
-- Dumping data for table `main_bag_khoroo`
--

LOCK TABLES `main_bag_khoroo` WRITE;
/*!40000 ALTER TABLE `main_bag_khoroo` DISABLE KEYS */;
INSERT INTO `main_bag_khoroo` VALUES (1,'4-р баг, Баянгол',90),(2,'5-р баг, Ботгон',90),(3,'6-р баг, Төгрөг гол',90),(4,'1-р баг, Алаг',91),(5,'2-р баг, Борт',91),(6,'3-р баг, Хаг',91),(7,'4-р баг, Сэнхэр',91),(8,'1-р баг, Цэцэг гол',92),(9,'2-р баг, Хужирт',92),(10,'3-р баг, Баянхайрхан',92),(11,'4-р баг, Давст',92),(12,'5-р баг, Улаантолгой',92),(13,'1-р баг, Чацаргант',93),(14,'2-р баг, Баянбулаг',93),(15,'3-р баг, Гахайт',93),(16,'4-р баг, Цагаанбулан',93),(17,'5-р баг, Баянхошуу',93),(18,'1-р баг, Цагаантүнгэ',94),(19,'2-р баг, Нарийн гол',94),(20,'3-р баг, Жаргалан',94),(21,'4-р баг, Улиаст',94),(22,'5-р баг, Хөх үзүүр',94),(23,'1-р баг, Баянбулаг',95),(24,'2-р баг, Цагаанбургас',95),(25,'3-р баг, Баруун салаа',95),(26,'4-р баг, Улаанбураа',95),(27,'5-р баг, Дунд ус',95),(28,'1-р баг, Хажинга',96),(29,'2-р баг, Баянгол',96),(30,'3-р баг, Баян-Овоо',96),(31,'4-р баг, Цэцэг нуур',96),(32,'5-р баг, Хөшөөт',96),(33,'1-р баг, Талын булаг',97),(34,'2-р баг, Тахилт',97),(35,'3-р баг, Баянхайрхан',97),(36,'4-р баг, Сүлжээ',97),(37,'5-р баг, Урд гол',97),(38,'6-р баг, Жаргалант',97),(39,'1-р баг, Баянгол',98),(40,'2-р баг, Намаржин',98),(41,'3-р баг, Хонгио',98),(42,'4-р баг, Шураг',98),(43,'5-р баг, Хар ус',98),(44,'1-р баг',99),(45,'2-р баг',99),(46,'3-р баг',99),(47,'4-р баг',99),(48,'5-р баг',99),(49,'6-р баг',99),(50,'7-р баг',99),(51,'8-р баг',99),(52,'9-р баг',99),(53,'10-р баг',99),(54,'11-р баг',99),(55,'12-р баг',99),(56,'13-р баг',99),(57,'1-р баг, Шувуут',100),(58,'2-р баг, Ужиг /Цагаан бэлчир/',100),(59,'3-р баг, Яргис',100),(60,'4-р баг, Баясгалан',100),(61,'5-р баг, Манхан',100),(62,'6-р баг, Хатгал тосон',100),(63,'1-р баг, Хавтага',101),(64,'2-р баг, Бор гол',101),(65,'3-р баг, Бэл булаг',101),(66,'4-р баг, Сүмбэр',101),(67,'5-р баг, Тарган нуур',101),(68,'6-р баг, Урт булаг',101),(69,'1-р баг, Эмт',102),(70,'2-р баг, Хайс',102),(71,'3-р баг, Тоом',102),(72,'4-р баг, Агар',102),(73,'5-р баг, Бэлтэс',102),(74,'1-р баг, Сангийн далай',103),(75,'2-р баг, Бүрэнхаан',103),(76,'3-р баг, Их уул',103),(77,'4-р баг, Баянхошуу',103),(78,'5-р баг, Туяа',103),(79,'6-р баг, Эрчим',103),(80,'1-р баг, Нүхт',104),(81,'2-р баг, Зүрх',104),(82,'3-р баг, Рашаант',104),(83,'4-р баг, Хужирт',104),(84,'5-р баг, Галт',104),(85,'1-р баг, Хөнжил',105),(86,'2-р баг, Цэцүүх',105),(87,'3-р баг, Цагаан бургас',105),(88,'4-р баг, Харгана',105),(89,'5-р баг, Оргил',105),(90,'1-р баг, Шивээ',106),(91,'2-р баг, Их-уул',106),(92,'3-р баг, Асгат',106),(93,'4-р баг, Мандал',106),(94,'5-р баг, Сэлэнгэ',106),(95,'1-р баг, Тээл',107),(96,'2-р баг, Талын ус',107),(97,'3-р баг, Энх тал',107),(98,'4-р баг, Цэнгэл',107),(99,'5-р баг, Их ац',107),(100,'1-р баг, Хөндий',108),(101,'2-р баг, Хоолойн зах',108),(102,'3-р баг, Ходон',108),(103,'4-р баг, Далайн зах',108),(104,'5-р баг, Ёлт',108),(105,'6-р баг, Зөөлөн',108),(106,'1-р баг, Мандал',109),(107,'2-р баг, Ар тархи',109),(108,'3-р баг, Таван толгой',109),(109,'4-р баг, Сэлэнгэ',109),(110,'5-р баг, Баянхошуу',109),(111,'6-р баг, Давааны ар',109),(112,'1-р баг, Мухар хөндий',110),(113,'2-р баг, Сэлэнгэ',110),(114,'3-р баг, Тээл',110),(115,'4-р баг, Сүүл Улаан',110),(116,'5-р баг, Цэнгэл',110),(117,'1-р баг, Жаргалант',111),(118,'2-р баг, Нарийн',111),(119,'3-р баг, Тариат',111),(120,'4-р баг, Тээл',111),(121,'5-р баг, Сумын төв',111),(122,'1-р баг, Зуны гол',112),(123,'2-р баг, Навчилтай',112),(124,'3-р баг, Баян-Эрхт',112),(125,'4-р баг, Алтгана',112),(126,'5-р баг, Бийж',112),(127,'6-р баг',112),(128,'1-р баг, Шивлэг',113),(129,'2-р баг, Тоом',113),(130,'3-р баг, Мунгараг',113),(131,'4-р баг, Соёо',113),(132,'5-р баг, Төгөл',113),(133,'1-р баг, Тураг',114),(134,'2-р баг, Хороо',114),(135,'3-р баг, Турт',114),(136,'1-р баг, Гурван сайхан',115),(137,'2-р баг, Хармай',115),(138,'1-р баг, Агар',116),(139,'2-р баг, Өвгөд',116),(140,'3-р баг, Тосон',116),(141,'4-р баг, Хужирт',116),(142,'5-р баг, Шарга',116),(143,'6-р баг, Жаргалант',116),(144,'1-р баг, Уялган',117),(145,'2-р баг, Үүр',117),(146,'3-р баг, Дархинт',117),(147,'4-р баг, Булган',117),(148,'1-р баг, Дэлгэрхаан',118),(149,'2-р баг, Зуун мод',118),(150,'3-р баг, Ренчинжугнай',118),(151,'4-р баг, Уранхайрхан',118),(152,'5-р баг, Халбан',118),(153,'6-р баг, Жаргалант',118),(154,'7-р баг, Бүрхээр',118),(155,'1-р баг, Шивэрт',119),(156,'2-р баг, Ёлгос',119),(157,'3-р баг, Улаан асга',119),(158,'4-р баг, Хөхөө',119),(159,'5-р баг, Хайрхан толгой',119),(160,'1-р баг, Сангийн далай',120),(161,'2-р баг, Баяннуур',120),(162,'3-р баг, Баянзүрх',120),(163,'4-р баг, Нүхт',120),(164,'1-р баг, Бөөрөлж',121),(165,'2-р баг, Булган тал',121),(166,'3-р баг, Зэрлэг',121),(167,'4-р баг, Дуурга',121),(168,'5-р баг, Удган',121),(169,'1-р баг, Хэрлэн',122),(170,'2-р баг, Булаг',122),(171,'3-р баг, Баянмөнх',122),(172,'4-р баг, Сариг',122),(173,'5-р баг, Өндөрхаан',122),(174,'6-р баг, Цогт-Өндөр',122),(175,'7-р баг, Номгон',122),(176,'8-р баг, Ишгэн толгой',122),(177,'1-р баг, Эрдэнэчандмань',123),(178,'2-р баг, Эхэнбүрд',123),(179,'3-р баг, Баян',123),(180,'4-р баг, Баянбулаг',123),(181,'5-р баг, Идэрмэг',123),(182,'6-р баг, Дундбүрд',123),(183,'7-р баг, Бэрх',123),(184,'1-р баг, Онон',124),(185,'2-р баг, Барх',124),(186,'3-р баг, Хурх',124),(187,'4-р баг, Норовлин',124),(188,'1-р баг, Сайхан',125),(189,'2-р баг, Жаргалант',125),(190,'3-р баг, Адарга',125),(191,'4-р баг, дуурлиг',125),(192,'1-р баг, Баянбулаг',126),(193,'2-р баг, Хэрлэн',126),(194,'3-р баг, Дулаан',126),(195,'4-р баг, Улаан-Эрэг',126),(196,'1-р баг, Дэлгэрхаан',127),(197,'2-р баг, Наран',127),(198,'3-р баг, Сүмбэр',127),(199,'4-р баг, Жавхлант',127),(200,'1-р баг, Жаргалант',128),(201,'2-р баг, Улаан-Өндөр',128),(202,'3-р баг, Цантын хоолой',128),(203,'1-р баг, Баян-Өндөр',129),(204,'2-р баг, Мандалхаан',129),(205,'3-р баг, Баянгол',129),(206,'4-р баг, Дэлгэрхаан',129),(207,'5-р баг, Онон',129),(208,'1-р баг, Арвин',130),(209,'2-р баг, Оч',130),(210,'3-р баг, Баянбадрал',130),(211,'4-р баг, Сангийндалай',130),(212,'5-р баг, Жаргалант',130),(213,'6-р баг, Буянтбулаг',130),(214,'1-р баг, Онон',131),(215,'2-р баг, Агац',131),(216,'3-р баг, Балж',131),(217,'4-р баг, Баяновоо',131),(218,'1-р баг, Дотуур булаг',132),(219,'2-р баг, Хараат',132),(220,'3-р баг, Шажин',132),(221,'4-р баг, Мэргэн хошуу',132),(222,'5-р баг, Бор-Өндөр',132),(223,'1-р баг, Хэрлэнбаян улаан',133),(224,'2-р баг, Долоод',133),(225,'3-р баг, Аварга',133),(226,'4-р баг, Хэрлэн тооно',133),(227,'1-р баг, Гичгэнэ',134),(228,'2-р баг, Баянцогт',134),(229,'3-р баг, Баян-Эрдэнэ',134),(230,'4-р баг, Чулуут',134),(231,'5-р баг, Төвийн',134),(232,'1-р баг, Зөөлөн',135),(233,'2-р баг, Өлзийт',135),(234,'3-р баг, Бүрээт',135),(235,'4-р баг, Цагаан толгой',135),(236,'5-р баг, Чандган',135),(237,'1-р баг, Баян-Өлзийт',136),(238,'2-р баг, Ангирт',136),(239,'3-р баг, Онон',136),(240,'4-р баг, Жаргалант',136),(241,'1-р баг, Наран',137),(242,'2-р баг, Баянзүрх',137),(243,'3-р баг, Хэнтий',137),(244,'4-р баг, Талын булаг',137),(245,'5-р баг, Чандган',137),(246,'6-р баг, Төвийн',137),(247,'7-р баг, Гурванбаян',137),(248,'1-р баг, Хужхан',138),(249,'2-р баг, Нугаар',138),(250,'3-р баг, Согоот',138),(251,'4-р баг, Баянмод',138),(252,'1-р баг',139),(253,'2-р баг',139),(254,'3-р баг',139),(255,'4-р баг',139),(256,'5-р баг',139),(257,'6-р баг',139),(258,'7-р баг',139),(259,'8-р баг',139),(260,'9-р баг',139),(261,'10-р баг',139),(262,'11-р баг',139),(263,'12-р баг',139),(264,'13-р баг',139),(265,'14-р баг',139),(266,'15-р баг',139),(267,'16-р баг',139),(268,'1-р баг, Баян-Өлзийт',140),(269,'2-р баг, Энхтал',140),(270,'1-р баг',141),(271,'2-р баг',141),(272,'3-р баг, Салхит',141),(273,'1-р баг, Хайрхан',142),(274,'2-р баг, Дархан',142),(275,'3-р баг, Санжинт',142),(276,'1-р баг, Зэст',143),(277,'2-р баг, Оюут',143),(278,'3-р баг, Уурхайчин',143),(279,'4-р баг, Хүрэнбулаг',143),(280,'5-р баг, Уртбулаг',143),(281,'6-р баг, Согоот',143),(282,'7-р баг, Дэнж',143),(283,'8-р баг, Бүрэнбүст',143),(284,'9-р баг, Шанд',143),(285,'10-р баг, Наран',143),(286,'11-р баг, Цагаанчулуут',143),(287,'12-р баг, Булаг',143),(288,'13-р баг, Баянцагаан',143),(289,'14-р баг, Говил',143),(290,'15-р баг, Рашаант',143),(291,'16-р баг, Малчин',143),(292,'17-р баг, Эрдэнэ',143),(293,'18-р баг, Баянбулаг',143),(294,'19-р баг, Их залуу',143),(295,'1-р баг, Улаан толгой',144),(296,'2-р баг, Жаргалант',144),(297,'3-р баг, Дулаан уул',144),(298,'1-р баг',145),(299,'2-р баг',145),(300,'3-р баг',145),(301,'4-р баг',145),(302,'5-р баг',145),(303,'6-р баг',145),(304,'1-р баг',146),(305,'2-р баг',146),(306,'1-р баг',147),(307,'2-р баг',147),(308,'1-р хороо',148),(309,'2-р хороо',148),(310,'3-р хороо',148),(311,'4-р хороо',148),(312,'1-р хороо',149),(313,'2-р хороо',149),(314,'1-р хороо',150),(315,'2-р хороо',150),(316,'3-р хороо',150),(317,'4-р хороо',150),(318,'5-р хороо',150),(319,'6-р хороо',150),(320,'7-р хороо',150),(321,'8-р хороо',150),(322,'9-р хороо',150),(323,'10-р хороо',150),(324,'11-р хороо',150),(325,'12-р хороо',150),(326,'13-р хороо',150),(327,'14-р хороо',150),(328,'15-р хороо',150),(329,'16-р хороо',150),(330,'17-р хороо',150),(331,'18-р хороо',150),(332,'19-р хороо',150),(333,'20-р хороо',150),(334,'1-р хороо',151),(335,'2-р хороо',151),(336,'3-р хороо',151),(337,'4-р хороо',151),(338,'5-р хороо',151),(339,'6-р хороо',151),(340,'7-р хороо',151),(341,'8-р хороо',151),(342,'9-р хороо',151),(343,'10-р хороо',151),(344,'11-р хороо',151),(345,'12-р хороо',151),(346,'13-р хороо',151),(347,'14-р хороо',151),(348,'15-р хороо',151),(349,'16-р хороо',151),(350,'17-р хороо',151),(351,'18-р хороо',151),(352,'19-р хороо',151),(353,'20-р хороо',151),(354,'21-р хороо',151),(355,'22-р хороо',151),(356,'23-р хороо',151),(357,'24-р хороо',151),(358,'1-р хороо',152),(359,'2-р хороо',152),(360,'3-р хороо',152),(361,'4-р хороо',152),(362,'5-р хороо',152),(363,'6-р хороо',152),(364,'1-р хороо',153),(365,'2-р хороо',153),(366,'3-р хороо',153),(367,'4-р хороо',153),(368,'5-р хороо',153),(369,'6-р хороо',153),(370,'7-р хороо',153),(371,'8-р хороо',153),(372,'9-р хороо',153),(373,'10-р хороо',153),(374,'11-р хороо',153),(375,'12-р хороо',153),(376,'13-р хороо',153),(377,'14-р хороо',153),(378,'15-р хороо',153),(379,'16-р хороо',153),(380,'17-р хороо',153),(381,'18-р хороо',153),(382,'19-р хороо',153),(383,'20-р хороо',153),(384,'21-р хороо',153),(385,'22-р хороо',153),(386,'23-р хороо',153),(387,'24-р хороо',153),(388,'25-р хороо',153),(389,'1-р хороо',154),(390,'2-р хороо',154),(391,'3-р хороо',154),(392,'4-р хороо',154),(393,'5-р хороо',154),(394,'6-р хороо',154),(395,'7-р хороо',154),(396,'8-р хороо',154),(397,'9-р хороо',154),(398,'10-р хороо',154),(399,'11-р хороо',154),(400,'12-р хороо',154),(401,'13-р хороо',154),(402,'14-р хороо',154),(403,'15-р хороо',154),(404,'16-р хороо',154),(405,'17-р хороо',154),(406,'18-р хороо',154),(407,'1-р хороо',155),(408,'2-р хороо',155),(409,'3-р хороо',155),(410,'4-р хороо',155),(411,'5-р хороо',155),(412,'6-р хороо',155),(413,'7-р хороо',155),(414,'8-р хороо',155),(415,'9-р хороо',155),(416,'10-р хороо',155),(417,'11-р хороо',155),(418,'12-р хороо',155),(419,'13-р хороо',155),(420,'14-р хороо',155),(421,'1-р хороо',156),(422,'2-р хороо',156),(423,'3-р хороо',156),(424,'4-р хороо',156),(425,'5-р хороо',156),(426,'6-р хороо',156),(427,'7-р хороо',156),(428,'8-р хороо',156),(429,'9-р хороо',156),(430,'10-р хороо',156),(431,'11-р хороо',156),(432,'12-р хороо',156),(433,'13-р хороо',156),(434,'14-р хороо',156),(435,'15-р хороо',156),(436,'16-р хороо',156),(437,'17-р хороо',156),(438,'18-р хороо',156),(439,'19-р хороо',156),(440,'1-р баг',157),(441,'2-р баг',157),(442,'3-р баг',157),(443,'4-р баг',157),(444,'5-р баг',157),(445,'6-р баг',157),(446,'1-р баг, Улаанчулуу',158),(447,'2-р баг, Хөнөг',158),(448,'3-р баг, Дэл',158),(449,'4-р баг, Баян-Уул',158),(450,'5-р баг, Цац',158),(451,'6-р баг, Дайрбор',158),(452,'1-р баг, Тусгалт',159),(453,'2-р баг, Зуунмод',159),(454,'3-р баг, Тамир',159),(455,'4-р баг, Баянбулаг',159),(456,'1-р баг, Асайт',160),(457,'2-р баг, Хоолт',160),(458,'3-р баг, Эрдэнэ-Уул',160),(459,'4-р баг, Зуслан',160),(460,'5-р баг, Баянцагаан',160),(461,'1-р баг, Хөхнуур',161),(462,'2-р баг, Хан-Өндөр',161),(463,'3-р баг, Борт',161),(464,'4-р баг, Бугат',161),(465,'6-р баг, Эрдэнэтолгой',161),(466,'5-р баг, Тайхар',161),(467,'2-р баг, Дойт',162),(468,'1-р баг, Тоглох',162),(469,'3-р баг, Өгий',162),(470,'5-р баг, Зэгстэй',162),(471,'4-р баг, Орхон',162),(472,'1-р баг, Ямаат',163),(473,'2-р баг, Бодонт',163),(474,'3-р баг, Байшир',163),(475,'4-р баг, Хөшөөт',163),(476,'1-р баг, Азарга',164),(477,'2-р баг, Хануй',164),(478,'3-р баг, Донгой',164),(479,'4-р баг, Бэлхи',164),(480,'5-р баг, Баянгол',164),(481,'1-р баг, Тэрх',165),(482,'2-р баг, Цагааннуур',165),(483,'3-р баг, Хорго',165),(484,'4-р баг, Суман',165),(485,'5-р баг, Бөөрөлжүүт',165),(486,'6-р баг, Мөрөн',165),(487,'7-р баг, Алтаад',165),(488,'1-р баг, Хөх сүм',286),(489,'2-р баг, Баян-Өндөр',286),(490,'3-р баг, Урантолгой',286),(491,'4-р баг, Өртөнт',286),(492,'1-р баг, Хайрхан',287),(493,'2-р баг, Асгат',287),(494,'3-р баг, Жарантай',287),(495,'4-р баг, Могой',287),(496,'5-р баг, Өгөөмөр',287),(497,'1-р баг, Чандмань',288),(498,'2-р баг, Гичгэнэ',288),(499,'3-р баг, Арбаясгалан',288),(500,'4-р баг, Баян-Улаан',288),(501,'5-р баг, Тэрх',288),(502,'6-р баг, Ноён хангай',288),(503,'1-р баг, Жаргалант',289),(504,'2-р баг, Номгон',289),(505,'3-р баг, Цайдам',289),(506,'4-р баг, Цагаан хад',289),(507,'5-р баг, Баян',289),(508,'1-р баг, Хотонт',290),(509,'2-р баг, Хөөвөр',290),(510,'3-р баг, Бургалтай',290),(511,'4-р баг, Улаан чулуу',290),(512,'5-р баг, Орхон',290),(513,'6-р баг, Өндөр сант',290),(514,'2-р баг, Хан-уул',291),(515,'1-р баг, Баянгол',291),(516,'3-р баг, Цахир',291),(517,'1-р баг, Орхон',292),(518,'2-р баг, Цэцэрлэг',292),(519,'3-р баг, Цэнхэр',292),(520,'4-р баг, Алтан-Овоо',292),(521,'5-р баг, Буйлан',292),(522,'6-р баг, Тамир',292),(523,'1-р баг, Чулуут',293),(524,'2-р баг, Туулант',293),(525,'3-р баг, Хужирт',293),(526,'4-р баг, Хонгорж',293),(527,'5-р баг, Ихбулаг',293),(528,'1-р баг, Өлзийт гол',294),(529,'2-р баг, Зуунмод',294),(530,'3-р баг, Халуун-Ус',294),(531,'4-р баг, Хайрхан',294),(532,'5-р баг, Хүрэм',294),(533,'1-р баг, Алаг-Уул',295),(534,'2-р баг, Идэр-Улаан',295),(535,'3-р баг, Эрдэнэ-Уул',295),(536,'4-р баг, Хан-Өндөр',295),(537,'5-р баг, Тээл',295),(538,'6-р баг, Өлзийт',295),(539,'1-р баг, Хуст арал',296),(540,'2-р баг, Цагаан эрэг',296),(541,'3-р баг, Бөхөн-Уул',296),(542,'4-р баг, Их булан',296),(543,'5-р баг, Ховд гол',296),(544,'6-р баг, Хөх толгой',296),(545,'7-р баг, Хотгор',296),(546,'8-р баг, Ах хус тау',296),(547,'9-р баг, Хөх хад',296),(548,'1-р баг, Хар нуур',297),(549,'2-р баг, Улаан хад',297),(550,'3-р баг, Бардам',297),(551,'4-р баг, Чихэртэй',297),(552,'5-р баг, Борбургас',297),(553,'1-р баг, Хаш',298),(554,'2-р баг, Баянбулаг',298),(555,'3-р баг, Улаанхаргана',298),(556,'4-р баг, Цагаан түнгэ',298),(557,'1-р баг, Цэцэгт',299),(558,'2-р баг, Баяннуур',299),(559,'3-р баг, Цагаан арал',299),(560,'4-р баг, Шар цэхээ',299),(561,'5-р баг, Цул улаан',299),(562,'1-р баг, Хатуу',300),(563,'2-р баг, Улаан толгой',300),(564,'4-р баг, Бугын гол',300),(565,'3-р баг',300),(566,'1-р баг, Улаагчин',301),(567,'2-р баг, Сайхан',301),(568,'3-р баг, Булган',301),(569,'4-р баг, Жаргалант',301),(570,'5-р баг, Хужирт',301),(571,'6-р баг, Сөнхөл',301),(572,'7-р баг, Улаанхус',301),(573,'1-р баг, Хөх эрэг',302),(574,'2-р баг, Хөлцөөт',302),(575,'3-р баг, Өмнөгол',302),(576,'4-р баг, Шар тохойт',302),(577,'1-р баг, Далакөл',303),(578,'2-р баг, Саралахаз',303),(579,'3-р баг, Хар уул',303),(580,'4-р баг, Чихэртэй',303),(581,'5-р баг, Рашаант',303),(582,'6-р баг, Бугат',303),(583,'7-р баг, Хөх сэрх',303),(584,'8-р баг, Бүргэд',303),(585,'9-р баг, Хөх толгой',303),(586,'10-р баг, Хүйтэн нуур',303),(587,'1-р баг, Бахлаг',304),(588,'2-р баг, Чихтэй',304),(589,'3-р баг, Ховд',304),(590,'4-р баг, Улаанчулуун',304),(591,'5-р баг, Ямаат',304),(592,'6-р баг, Хызылхайын',304),(593,'7-р баг, Хосхарагай',304),(594,'8-р баг, Асгат',304),(595,'9-р баг, Цагааннуур',304),(596,'1-р баг, Ямаат',305),(597,'2-р баг, Хол агаш',305),(598,'3-р баг, Ахкорим',305),(599,'4-р баг, Хаг',305),(600,'5-р баг, Уужим',305),(601,'6-р баг, Даян',305),(602,'1-р баг, Хош',306),(603,'2-р баг, Толбо нуур',306),(604,'3-р баг, Хонгор өлөн',306),(605,'4-р баг, Дөрөө нуур',306),(606,'5-р баг, Хөх толгой',306),(607,'6-р баг, Бураат',306),(608,'1-р баг, Их ойгор',307),(609,'2-р баг, Хөх хөтөл',307),(610,'3-р баг, Хулжаа',307),(611,'4-р баг, Согоог',307),(612,'5-р баг, Баян зүрх',307),(613,'6-р баг, Даян',307),(614,'7-р баг, Билүү',307),(615,'8-р баг, Билүү 2',307),(616,'1-р баг, Шарговь',308),(617,'2-р баг, Загаст нуур',308),(618,'3-р баг, Цагаан түнгэ',308),(619,'4-р баг, Хар уул',308),(620,'5-р баг, Бор бургас',308),(621,'6-р баг, Уст тохой',308),(622,'7-р баг, Долоон гаталга',308),(623,'8-р баг, Партизан',308),(624,'9-р баг, Хөшөөт',308),(625,'1-р баг, Номгон',309),(626,'2-р баг, Эрдэнэмандал',309),(627,'3-р баг, Дуурсах',309),(628,'4-р баг, Угалз',309),(629,'5-р баг, Цагаанчулуут',309),(630,'6-р баг, Гэгээн шавь',309),(631,'7-р баг, Цахир',309),(632,'8-р баг, Шаргалжуут',309),(633,'9-р баг, Есөнбулаг',309),(634,'1-р баг, Баянбулаг',310),(635,'2-р баг, Оройн бууц',310),(636,'3-р баг, Буйлсан',310),(637,'4-р баг, Могой',310),(638,'5-р баг, Товгор',310),(639,'6-р баг, Зүүнхаяа',310),(640,'7-р баг, Баянсайр',310),(641,'1-р баг, Сангийн далай',311),(642,'2-р баг, Ар жаргалант',311),(643,'3-р баг, Хангал',311),(644,'4-р баг, Бүрд',311),(645,'1-р баг, Хэлтгий булаг',312),(646,'2-р баг, Өрхт',312),(647,'3-р баг, Залаа',312),(648,'4-р баг, Цоохор',312),(649,'5-р баг, Өргөн',312),(650,'1-р баг, Их халбагант',313),(651,'2-р баг, Баян-Аараг',313),(652,'3-р баг, Бага баян',313),(653,'4-р баг, Их баян',313),(654,'5-р баг, Хатан суудал',313),(655,'1-р баг, Мандалхайрхан',314),(656,'2-р баг, Уранхайрхан',314),(657,'3-р баг, Асгамба',314),(658,'4-р баг, Мэргэн',314),(659,'1-р баг, Улаан үзүүр',315),(660,'2-р баг, Элгэн',315),(661,'3-р баг, Булган',315),(662,'4-р баг, Идрэн',315),(663,'1-р баг, Гичгэнэ',316),(664,'2-р баг, Дэлгэрэх',316),(665,'3-р баг, Цэцэн',316),(666,'4-р баг, Жаргалант',316),(667,'5-р баг, Баянбулаг',316),(668,'1-р баг, Луугар',317),(669,'2-р баг, Гурван гол',317),(670,'3-р баг, Алтай',317),(671,'4-р баг, Цэлгэр',317),(672,'5-р баг, Буянт',317),(673,'6-р баг, Хориулт',317),(674,'1-р баг, Улаан сайр',318),(675,'2-р баг, Хөх толгой',318),(676,'3-р баг, Бургас',318),(677,'4-р баг, Задгай',318),(678,'1-р баг, Тэмээт',319),(679,'2-р баг, Баян',319),(680,'3-р баг, Өлзийт',319),(681,'4-р баг, Баянбүрд',319),(682,'5-р баг, Наран',319),(683,'6-р баг, Буянт',319),(684,'1-р баг, Хайрхан',320),(685,'2-р баг, Сүмбэр',320),(686,'3-р баг, Үнэгт',320),(687,'4-р баг, Баяннуур',320),(688,'5-р баг, Мандал',320),(689,'6-р баг, Баян хошуу',320),(690,'1-р баг, Цэнгэл',321),(691,'2-р баг, Давааны ам',321),(692,'3-р баг, Буга',321),(693,'4-р баг, Хөвийн ам',321),(694,'5-р баг, Пионер толгой',321),(695,'1-р баг, Намтолгой',322),(696,'2-р баг, Өлзийт-Өндөр',322),(697,'3-р баг, Хөндлөн булаг',322),(698,'4-р баг, Эмээл толгой',322),(699,'1-р баг, Уу-булан',323),(700,'2-р баг, Хүйс',323),(701,'3-р баг, Хөнөг',323),(702,'4-р баг, Цагаан ус',323),(703,'5-р баг, Бодь',323),(704,'1-р баг, Баянбулаг',324),(705,'2-р баг, Баян-Улаан',324),(706,'3-р баг, Чандмань-Овоо',324),(707,'4-р баг, Залаа-Овоо',324),(708,'1-р баг, Бурхант',325),(709,'2-р баг, Байн ам',325),(710,'3-р баг, Ёлын ам',325),(711,'4-р баг, Худаг урт',325),(712,'5-р баг, Бийрийн уулзвар',325),(713,'6-р баг, Улаан уул',325),(714,'1-р баг, Хөх бүрд',326),(715,'2-р баг, Сонор',326),(716,'3-р баг, Норовлин',326),(717,'4-р баг, Цорж',326),(718,'5-р баг, Дэлгэр мөрөн',326),(719,'1-р баг, Зараа',327),(720,'2-р баг, Уртын гол',327),(721,'3-р баг, Эрдэнэшанд',327),(722,'4-р баг, Эхэн хавцгай',327),(723,'1-р баг, Сэнжит',328),(724,'2-р баг, Ямаат',328),(725,'3-р баг, Өвгөнжаргалант',328),(726,'4-р баг, Жанжин',328),(727,'5-р баг, Эрхэт тамч',328),(728,'1-р баг, Ачуут',329),(729,'2-р баг, Хужирт',329),(730,'3-р баг, Агуйт',329),(731,'4-р баг, Рашаант',329),(732,'5-р баг, Жаргалант',329),(733,'6-р баг, Булган',329),(734,'1-р баг, Шарга',330),(735,'2-р баг, Баянзүрх',330),(736,'3-р баг, Баянхайрхан',330),(737,'4-р баг, Дулаанхаан',330),(738,'5-р баг, Халтар',330),(739,'6-р баг, Хүрэмт',330),(740,'1-р баг, Өлзийт',331),(741,'2-р баг, Шар тал',331),(742,'1-р баг, Баянтөгөл',332),(743,'2-р баг, Ханжаргалант',332),(744,'3-р баг, Бугат',332),(745,'1-р баг, Бумбат',333),(746,'2-р баг, Цахт',333),(747,'3-р баг, Дэрст',333),(748,'4-р баг, Дархан',333),(749,'1-р баг, Тогоо',334),(750,'2-р баг, Авзага',334),(751,'3-р баг, Агьт',334),(752,'4-р баг, Бэрх',334),(753,'5-р баг, Хөгнө',334),(754,'6-р баг, Хулст',334),(755,'1-р баг, Хараат',335),(756,'2-р баг, Лах',335),(757,'3-р баг, Доргонт',335),(758,'4-р баг, Төв',335),(759,'1-р баг, Жаргалант',336),(760,'2-р баг, Баясгалант',336),(761,'3-р баг, Баянгол',336),(762,'4-р баг, Баян-Уул',336),(763,'5-р баг, Эрхт',336),(764,'1-р баг, Арбулаг',337),(765,'2-р баг, Халиун',337),(766,'3-р баг, Бүхт',337),(767,'4-р баг, Мааньт',337),(768,'5-р баг, Мандал',337),(769,'1-р баг, Хөгнө хан',338),(770,'2-р баг, Хар чулуут',338),(771,'3-р баг, Улаан шивээт',338),(772,'1-р баг, Мануулт',166),(773,'2-р баг, Угалз',166),(774,'3-р баг, Хульж',166),(775,'4-р баг, Ундрах',166),(776,'5-р баг, Хүрэмт',166),(777,'6-р баг, Сайхан-Овоо',166),(778,'1-р баг, Таримал',167),(779,'2-р баг, Тариахтай',167),(780,'3-р баг, Сэлэнгэбүрэн',167),(781,'4-р баг, Атар',167),(782,'5-р баг, Ингэт',167),(783,'1-р баг, Хужирт',168),(784,'2-р баг, Харгал',168),(785,'3-р баг, Далан',168),(786,'4-р баг, Эрэн',168),(787,'5-р баг, Жаргалант',168),(788,'1-р баг, Сөрт',169),(789,'2-р баг, Хангал',169),(790,'3-р баг',169),(791,'4-р баг, Хялганат',169),(792,'1-р баг, Банзар',170),(793,'2-р баг, Хүрэмт',170),(794,'3-р баг, Тээг',170),(795,'4-р баг, Жаргалант',170),(796,'5-р баг, Мааньт',170),(797,'1-р баг',171),(798,'2-р баг, Хантай',171),(799,'3-р баг, Уньт',171),(800,'4-р баг, Тээл',171),(801,'5-р баг, Хонгор',171),(802,'1-р баг, Баянхайрхан',172),(803,'2-р баг, Баяншанд',172),(804,'3-р баг, Жаргалант',172),(805,'4-р баг, Харзат',172),(806,'5-р баг, Рашаант',172),(807,'6-р баг, Наран',172),(808,'1-р баг, Бадрал',173),(809,'2-р баг, Баянцагаан',173),(810,'3-р баг, Урт',173),(811,'4-р баг, Баян-Овоо',173),(812,'1-р баг, Баян богд',174),(813,'2-р баг, Чандмань хайрхан',174),(814,'3-р баг, Баянхайрхан',174),(815,'4-р баг, Хүйсийн говь',174),(816,'5-р баг, Баянговь',174),(817,'6-р баг, Алтангадас',174),(818,'1-р баг, Мянгай',175),(819,'2-р баг, Урт',175),(820,'3-р баг, Их булаг',175),(821,'4-р баг, Буудай',175),(822,'5-р баг, Хүрэмт',175),(823,'1-р баг, Биж',176),(824,'2-р баг, Ферм',176),(825,'3-р баг, Гаханч',176),(826,'4-р баг, Сүж',176),(827,'5-р баг, Баянгол',176),(828,'1-р баг, Ихэс',177),(829,'2-р баг, Хужирт',177),(830,'3-р баг, Жавхлант',177),(831,'4-р баг, Үйлдвэр',177),(832,'1-р баг, Баян-Өндөр',178),(833,'2-р баг, Баянхонгор',178),(834,'3-р баг, Баянбуурал',178),(835,'4-р баг, Баянсан',178),(836,'5-р баг, Гуулин',178),(837,'1-р баг, Бүрэн',179),(838,'2-р баг, Тээл',179),(839,'3-р баг, Завхан гол',179),(840,'1-р баг, Хуримт',180),(841,'2-р баг, Галуут',180),(842,'3-р баг, Далан',180),(843,'1-р баг, Бүс-Уул',181),(844,'2-р баг, Тамч',181),(845,'3-р баг, Зүйл',181),(846,'4-р баг, Алтансоёмбо',181),(847,'5-р баг, Алтайн-Оргил',181),(848,'1-р баг, Хүрэн гол',182),(849,'2-р баг, Төгрөгийн эх',182),(850,'3-р баг, Мааньт',182),(851,'4-р баг, Цагаан хайрхан',182),(852,'5-р баг, Тунгалаг',182),(853,'1-р баг, Сүүж',183),(854,'2-р баг, Гүү бариач',183),(855,'3-р баг, Олон булаг',183),(856,'4-р баг, Чацран',183),(857,'1-р баг, Цоохор',184),(858,'2-р баг, Завхан гол',184),(859,'3-р баг, Сангийн далай',184),(860,'4-р баг, Хүйсийн говь',184),(861,'5-р баг, Сайн-Уст',184),(862,'1-р баг, Рашаант',185),(863,'2-р баг, Далан',185),(864,'3-р баг, Гэгээт',185),(865,'4-р баг, Төгрөг',185),(866,'5-р баг, Баян-Өндөр',185),(867,'6-р баг, Баян-Улаан',185),(868,'7-р баг, Баян тоорой',185),(869,'1-р баг, Бүрэн',186),(870,'2-р баг, Баянгол',186),(871,'3-р баг, Дэрстэй',186),(872,'4-р баг, Жаргалт',186),(873,'1-р баг, Чандмань-Уул',187),(874,'2-р баг, Өлзийбулаг',187),(875,'3-р баг, Эрдэнэ-Уул',187),(876,'4-р баг, Хүрхрээ',187),(877,'1-р баг, Баянгол',188),(878,'2-р баг, Хамтын хүч',188),(879,'3-р баг, Сондуулт',188),(880,'4-р баг, Улаан туг',188),(881,'1-р баг, Сангийн далай',189),(882,'2-р баг, Цэцэг нуур',189),(883,'3-р баг, Цагаан-уул',189),(884,'4-р баг, Өлзийт',189),(885,'1-р баг',190),(886,'2-р баг',190),(887,'3-р баг',190),(888,'4-р баг',190),(889,'5-р баг, Зүүнбаян',190),(890,'1-р баг, Нард',191),(891,'2-р баг, Сайн-Ус',191),(892,'3-р баг, Нүдэн',191),(893,'4-р баг, Цагаан дөрвөлж',191),(894,'1-р баг, Тойг',192),(895,'2-р баг, Зараа',192),(896,'3-р баг, Хаяа',192),(897,'4-р баг, Чулуун гишгэр',192),(898,'1-р баг, Элдэв',193),(899,'2-р баг, Өнгөт',193),(900,'3-р баг, Бичигт',193),(901,'4-р баг, Цомог',193),(902,'5-р баг, Олон-Овоо',193),(903,'1-р баг, Цагаанхад',194),(904,'2-р баг, Аман шанд',194),(905,'3-р баг, Бумбат',194),(906,'4-р баг, Хонгор',194),(907,'1-р баг',195),(908,'2-р баг',195),(909,'3-р баг',195),(910,'1-р баг, Бүрдэнэ',196),(911,'2-р баг, Баян',196),(912,'3-р баг, Зүлэгт',196),(913,'1-р баг, Алхантээг',197),(914,'2-р баг, Баянхошуу',197),(915,'3-р баг, Өехий',197),(916,'4-р баг, Сэрвэн баянхошуу',197),(917,'5-р баг, Төхөм',197),(918,'1-р баг, Сүмийн булаг',198),(919,'2-р баг, Сүмбэр',198),(920,'3-р баг, Баянмөнх',198),(921,'4-р баг, Сэнж',198),(922,'1-р баг, Улаан шороот',199),(923,'2-р баг, Жаргалант',199),(924,'3-р баг, Цохио',199),(925,'4-р баг, Өлзийт',199),(926,'1-р баг, Сангийн далай',200),(927,'2-р баг, Баянбогд',200),(928,'3-р баг, Аргалант',200),(929,'4-р баг, Нүдэн',200),(930,'1-р баг, Халив',201),(931,'2-р баг, Эргэл',201),(932,'3-р баг, Агаруут',201),(933,'4-р баг, Сулинхээр',201),(934,'5-р баг, Аман-Ус',201),(935,'6-р баг, Замын шанд',201),(936,'1-р баг, Жавхлант',202),(937,'2-р баг, Чулуут',202),(938,'3-р баг, Элст',202),(939,'4-р баг, Хөвсгөл',202),(940,'1-р баг, Бүрдэнэ',203),(941,'2-р баг, Еншөөв',203),(942,'3-р баг, Цагаан хөтөл',203),(943,'4-р баг, Дөрвөлж',203),(944,'5-р баг, Улаан-Уул',203),(945,'1-р баг',204),(946,'2-р баг',204),(947,'3-р баг',204),(948,'4-р баг',204),(949,'5-р баг',204),(950,'6-р баг',204),(951,'7-р баг',204),(952,'8-р баг',204),(953,'9-р баг',204),(954,'10-р баг',204),(955,'4-р баг, Наран',205),(956,'2-р баг, Хайрхан',205),(957,'3-р баг, Яргай',205),(958,'1-р баг, Түргэн',205),(959,'1-р баг, Цагаан дэрс',206),(960,'2-р баг, Жаргалант',206),(961,'3-р баг, Өлзийт',206),(962,'4-р баг, Хотонт',206),(963,'1-р баг, Заяат',207),(964,'2-р баг, Хар чулуут',207),(965,'3-р баг, Урт',207),(966,'4-р баг, Хошуу',207),(967,'5-р баг, Улз',207),(968,'6-р баг, Өвөр эрээн',207),(969,'1-р баг, Өндөр хошуу',208),(970,'2-р баг, Хулсан шанд',208),(971,'3-р баг, Баян-Уул',208),(972,'1-р баг, Рашаант',209),(973,'2-р баг, Цагаан хошуу',209),(974,'3-р баг, Сүмийн булаг',209),(975,'1-р баг, Сэвсүүл жараахай',210),(976,'2-р баг, Харзат',210),(977,'3-р баг, Чух',210),(978,'4-р баг, Номинт',210),(979,'5-р баг, Улз',210),(980,'1-р баг, Жаргалант',211),(981,'2-р баг, Баянхангай',211),(982,'3-р баг, Түмэнхаан',211),(983,'4-р баг, Буян-Өндөр',211),(984,'5-р баг, Мэнэн',211),(985,'1-р баг, Барчин',212),(986,'2-р баг, Ар хоолой',212),(987,'3-р баг, Баян',212),(988,'4-р баг, Очир хүрээ',212),(989,'5-р баг, Галын гол',212),(990,'1-р баг, Сүмбэр',213),(991,'2-р баг, Ялалт',213),(992,'3-р баг, Ташгай',213),(993,'1-р баг, Баян-Өлзийт',214),(994,'2-р баг, Батхаан',214),(995,'3-р баг, Баян-Уул',214),(996,'1-р баг, Баянгол',215),(997,'2-р баг, Элст',215),(998,'3-р баг, Зүрх',215),(999,'4-р баг, Хүрээт',215),(1000,'5-р баг, Гүн цэнгэлэг',215),(1001,'6-р баг, Хөөвөр',215),(1002,'1-р баг, Хулстай',216),(1003,'2-р баг, Сүмбэр',216),(1004,'3-р баг, Энгэр шанд',216),(1005,'1-р баг, Дэлгэр',217),(1006,'2-р баг, Галуут',217),(1007,'3-р баг, Цагаанчулуут',217),(1008,'1-р баг, Наран',218),(1009,'2-р баг, Тэвш',218),(1010,'3-р баг, Далай',218),(1011,'4-р баг, Үйзэн',218),(1012,'5-р баг, Аривжих',218),(1013,'6-р баг, Боржигон',218),(1014,'7-р баг, Нарлаг',218),(1015,'8-р баг, Айраг',218),(1016,'9-р баг, Мандал',218),(1017,'1-р баг, Тавин',219),(1018,'2-р баг, Ар-Урт',219),(1019,'3-р баг, Өвөр-Урт',219),(1020,'4-р баг, Сүм',219),(1021,'5-р баг, Хашаат',219),(1022,'1-р баг, Шилийн гол',220),(1023,'2-р баг, Энгэр-Ус',220),(1024,'3-р баг, Аргатай',220),(1025,'1-р баг, Ажирхай',221),(1026,'2-р баг, Морьт',221),(1027,'3-р баг, Хонгор',221),(1028,'1-р баг, Элгэн',222),(1029,'2-р баг, Дэрсэнэ ус',222),(1030,'3-р баг, Чулуут',222),(1031,'4-р баг, Гурвансайхан',222),(1032,'5-р баг, Суугаант',222),(1033,'1-р баг, Толь',223),(1034,'2-р баг, Таргат',223),(1035,'3-р баг, Ар шавагтай',223),(1036,'4-р баг, Номгон',223),(1037,'1-р баг, Баянбулаг',224),(1038,'2-р баг, Цахиурт',224),(1039,'3-р баг, Дэлгэр-Эмт',224),(1040,'1-р баг, Алаг-Өндөр',225),(1041,'2-р баг, Саруул',225),(1042,'3-р баг, Долоод',225),(1043,'4-р баг, Бумбат',225),(1044,'1-р баг, Суварга',226),(1045,'2-р баг, Наран',226),(1046,'3-р баг, Буянт',226),(1047,'1-р баг, Буянт 1',227),(1048,'2-р баг, Буянт 2',227),(1049,'3-р баг, Тагт',227),(1050,'4-р баг, Дэрт 1',227),(1051,'5-р баг, Дэрт 2',227),(1052,'6-р баг, Рашаант',227),(1053,'1-р баг, Цог',228),(1054,'2-р баг, Талын нар',228),(1055,'1-р баг, Онги',229),(1056,'2-р баг, Мааньт',229),(1057,'3-р баг, Найз',229),(1058,'4-р баг, Төгрөг',229),(1059,'1-р баг, Шувуутай',230),(1060,'2-р баг, Олдох',230),(1061,'3-р баг, Уул',230),(1062,'4-р баг, Бүлээн',230),(1063,'1-р баг, Хараат',231),(1064,'2-р баг, Дэлгэрэх зам',231),(1065,'3-р баг, Жаргалант',231),(1066,'4-р баг, Замын-Улаан',231),(1067,'1-р баг, Цавчир',232),(1068,'2-р баг, Өнгөт',232),(1069,'3-р баг, Тэнгэлэг',232),(1070,'4-р баг, Рашаант',232),(1071,'5-р баг, Цагаан-Овоо',232),(1072,'6-р баг, Сангийн далай',232),(1073,'7-р баг',232),(1074,'1-р баг, Жинст',233),(1075,'2-р баг, Жаргалант',233),(1076,'3-р баг, Чигэстэй',233),(1077,'4-р баг, Богдын гол',233),(1078,'5-р баг, Товцог',233),(1079,'6-р баг, Өлзийт',233),(1080,'1-р баг, Алдар',234),(1081,'2-р баг, Аргалант',234),(1082,'3-р баг, Богдын гол',234),(1083,'4-р баг, Өгөөмөр',234),(1084,'5-р баг, Чигэстэй',234),(1085,'6-р баг, Мандаат',234),(1086,'2-р баг, Аргалант',235),(1087,'1-р баг, Суварга',235),(1088,'1-р баг, Бужир',236),(1089,'2-р баг, Жавхлан',236),(1090,'3-р баг, Зайгал',236),(1091,'4-р баг, Хачиг',236),(1092,'3-р баг, Наран',237),(1093,'1-р баг, Асгат',237),(1094,'2-р баг, Минж',237),(1095,'4-р баг, Төөнт',237),(1096,'1-р баг, Буга',238),(1097,'2-р баг, Цогт',238),(1098,'3-р баг, Тавантолгой',238),(1099,'4-р баг, Буурал',238),(1100,'5-р баг, Онц',238),(1101,'1-р баг, Мандал',239),(1102,'2-р баг, Олонбулаг',239),(1103,'3-р баг, Олонтүрүү',239),(1104,'4-р баг, Нуга',239),(1105,'1-р баг, Мануустай',240),(1106,'2-р баг, Цэцэрлэг',240),(1107,'3-р баг, Загастай',240),(1108,'4-р баг, Дархан-Уул',240),(1109,'1-р баг, Баян-Ухаа',241),(1110,'2-р баг, Үржил',241),(1111,'3-р баг, Хуягт',241),(1112,'4-р баг, Хонгор',241),(1113,'5-р баг, Цэцүүх',241),(1114,'6-р баг, Зарт',241),(1115,'1-р баг, Хөдрөг',242),(1116,'2-р баг, Баянзүрх',242),(1117,'3-р баг, Дархан-Уул',242),(1118,'4-р баг, Нуур',242),(1119,'5-р баг, Хайрхан',242),(1120,'1-р баг, Буянт',243),(1121,'2-р баг, Баянбулаг',243),(1122,'3-р баг, Бадрал',243),(1123,'4-р баг, Соёл',243),(1124,'5-р баг, Онц',243),(1125,'6-р баг, Хужирт',243),(1126,'1-р баг, Баян-Улаан',244),(1127,'2-р баг, Баяннуур',244),(1128,'3-р баг, Баяндавс',244),(1129,'4-р баг, Холбоо',244),(1130,'1-р баг, Баян-Айраг',245),(1131,'2-р баг, Айраг нуур',245),(1132,'3-р баг, Шар нуруу',245),(1133,'4-р баг, Тариат',245),(1134,'5-р баг, Бор-Өндөр',245),(1135,'1-р баг, Дархан-Уул',246),(1136,'2-р баг, Хайрхан',246),(1137,'3-р баг, Улаантолгой',246),(1138,'4-р баг, Рашаант',246),(1139,'5-р баг, Баян-Улаан',246),(1140,'6-р баг, Идэр',246),(1141,'7-р баг, Оргих',246),(1142,'1-р баг, Баянцагаан',247),(1143,'2-р баг, Аргалант',247),(1144,'3-р баг, Цорго',247),(1145,'4-р баг, Ойгон',247),(1146,'1-р баг, Шургах',248),(1147,'2-р баг, Өгөөмөр',248),(1148,'3-р баг, Нуур',248),(1149,'4-р баг, Баянтэгш',248),(1150,'5-р баг, Баян-айраг',248),(1151,'6-р баг, Өвөгдий',248),(1152,'1-р баг, Дооно',249),(1153,'2-р баг, Нисэг',249),(1154,'3-р баг, Баян-Уул',249),(1155,'4-р баг, Зүр',249),(1156,'1-р баг, Тосгуур',250),(1157,'2-р баг, Хульж',250),(1158,'3-р баг, Нуур зөөхий',250),(1159,'4-р баг, Хүнгий',250),(1160,'5-р баг, Баян-Улаан',250),(1161,'1-р баг, Цэцэрлэг',251),(1162,'2-р баг, Онц',251),(1163,'3-р баг, Баянбулаг',251),(1164,'4-р баг, Агьт',251),(1165,'1-р баг, Арц',252),(1166,'2-р баг, Жавцаг',252),(1167,'3-р баг, Дэлгэр',252),(1168,'4-р баг, Баянхайрхан',252),(1169,'1-р баг, Оройн товгор',253),(1170,'2-р баг, Жаргалант',253),(1171,'3-р баг, Сангийн далай',253),(1172,'4-р баг, Шотой',253),(1173,'5-р баг, Батсуурь',253),(1174,'1-р баг, Чандмань',254),(1175,'2-р баг, Баянулаан',254),(1176,'3-р баг, Хөгжил',254),(1177,'4-р баг, Сайхан',254),(1178,'1-р баг, Багануур',255),(1179,'4-р баг, Мөсөн',255),(1180,'3-р баг, Алтан',255),(1181,'2-р баг, Баянзүрх',255),(1182,'5-р баг, Хайрхан',255),(1183,'1-р баг, Зүйл',256),(1184,'2-р баг, Жаргалант',256),(1185,'3-р баг, Өргөн',256),(1186,'4-р баг, Хэц-Улаан',256),(1187,'5-р баг, Чандмань',256),(1188,'1-р баг, Согоот',257),(1189,'2-р баг, Эмт',257),(1190,'3-р баг, Дэлгэрэх',257),(1191,'4-р баг, Өлзийт',257),(1192,'5-р баг, Арвайхээр',257),(1193,'6-р баг, Ягаантолгой',257),(1194,'7-р баг, Дэлгэрэхийн дэнж',257),(1195,'8-р баг, Рашаант',257),(1196,'9-р баг, Бурхи',257),(1197,'1-р баг, Цагаан овоо',258),(1198,'2-р баг, Хүүхдийн-Ус',258),(1199,'3-р баг, Өлзийт хошуу',258),(1200,'4-р баг, Хөөвөр',258),(1201,'1-р баг, Улаан-Ам',259),(1202,'2-р баг, Бүрэгтий',259),(1203,'3-р баг, Өвт',259),(1204,'4-р баг, Зөрүүлэг',259),(1205,'1-р баг, Өндөр өнц',260),(1206,'2-р баг, Эргэн дэнж',260),(1207,'3-р баг, Цагаан булан',260),(1208,'4-р баг, Хаяа',260),(1209,'5-р баг, Цавын-Ихэр',260),(1210,'6-р баг, Ширээ',260),(1211,'1-р баг, Бөмбий',261),(1212,'2-р баг, Батхаан',261),(1213,'3-р баг, Өвөр зүлэгт',261),(1214,'4-р баг, Хар тойром',261),(1215,'5-р баг, Бумбат',261),(1216,'1-р баг, Өлзийт хошуу',262),(1217,'2-р баг, Хөөвөр',262),(1218,'3-р баг, Баян төхөм',262),(1219,'4-р баг, Гүн-Ус',262),(1220,'5-р баг, Далан',262),(1221,'6-р баг, Ялаатай',262),(1222,'7-р баг, Ховд',262),(1223,'1-р баг, Ар жаргалант',263),(1224,'2-р баг, Их боригдой',263),(1225,'3-р баг, Донгит',263),(1226,'4-р баг, Ар хөшөөт',263),(1227,'5-р баг, Онгон',263),(1228,'1-р баг, Хөөвөр',264),(1229,'2-р баг, Гучин',264),(1230,'3-р баг, Аргалант',264),(1231,'4-р баг, Аргуйт',264),(1232,'1-р баг, Тахилга',265),(1233,'2-р баг, Мөнхбулаг',265),(1234,'3-р баг, Хайрхан',265),(1235,'4-р баг, Эрээн',265),(1236,'1-р баг, Эмгэд',266),(1237,'2-р баг, Цахиурт',266),(1238,'3-р баг, Цохиот',266),(1239,'4-р баг, Баян-Улаан',266),(1240,'5-р баг, Хад',266),(1241,'6-р баг, Дэвшил',266),(1242,'1-р баг, Шарга',267),(1243,'2-р баг, Баянтээг',267),(1244,'3-р баг, Өндөрхөмөг',267),(1245,'4-р баг, Цагаан-Овоо',267),(1246,'1-р баг, Бор хошуут',268),(1247,'2-р баг, Агуйт',268),(1248,'3-р баг, Яргайт',268),(1249,'4-р баг, Гуулин',268),(1250,'1-р баг, Царги',269),(1251,'2-р баг, Цахиурт',269),(1252,'3-р баг, Улаан-Овоо',269),(1253,'4-р баг, Залаа',269),(1254,'5-р баг, Майхан',269),(1255,'1-р баг, Туяа',270),(1256,'2-р баг, Арвайнтал',270),(1257,'3-р баг, Хүрэмт',270),(1258,'4-р баг, Урт',270),(1259,'5-р баг, Их булаг',270),(1260,'6-р баг, Алтантал',270),(1261,'1-р баг, Хоолт',271),(1262,'2-р баг, Их-Ус',271),(1263,'3-р баг, Мазар',271),(1264,'4-р баг, Сайн төгрөг',271),(1265,'5-р баг, Баян',271),(1266,'1-р баг, Жаргалант',272),(1267,'2-р баг, Таац',272),(1268,'3-р баг, Шивээ-Овоо',272),(1269,'4-р баг, Шуранга',272),(1270,'5-р баг, Бадрал',272),(1271,'6-р баг, Бөөрөлжүүт',272),(1272,'7-р баг, Өлт',272),(1273,'8-р баг, Онги',272),(1274,'1-р баг, Бурхант',273),(1275,'2-р баг, Нарт',273),(1276,'3-р баг, Эмээлт',273),(1277,'4-р баг, Дэрсэн хонхор',273),(1278,'5-р баг, Ар агуйт',273),(1279,'6-р баг, Марзат',273),(1280,'1-р баг, Вангийн-Овоо',274),(1281,'2-р баг, Ганган-Орхон',274),(1282,'3-р баг, Эрдэнэтолгой',274),(1283,'4-р баг, Нарийн хүр',274),(1284,'5-р баг, Онгоцон-Ухаа',274),(1285,'6-р баг, Жалбаа',274),(1286,'7-р баг, Шанх',274),(1287,'8-р баг, Орхон',274),(1288,'1-р баг, Өвөр модот',275),(1289,'2-р баг, Уужим',275),(1290,'3-р баг, Бэрх',275),(1291,'4-р баг, Шивээт',275),(1292,'5-р баг, Шунхлай',275),(1293,'1-р баг, Баруунсайхан',276),(1294,'2-р баг, Хан-Уул',276),(1295,'3-р баг, Далан',276),(1296,'4-р баг, Дундсайхан',276),(1297,'5-р баг, Зүүнсайхан',276),(1298,'6-р баг, Начин',276),(1299,'7-р баг, Оюут',276),(1300,'8-р баг, Цагаан булаг',276),(1301,'1-р баг, Баян',277),(1302,'2-р баг, Наран',277),(1303,'3-р баг, Төхөм',277),(1304,'1-р баг, Могойт',278),(1305,'2-р баг, Харзаг',278),(1306,'3-р баг, Налих',278),(1307,'1-р баг, Дэн',279),(1308,'2-р баг, Дал',279),(1309,'3-р баг, Хавцгайт',279),(1310,'4-р баг, Булган',279),(1311,'1-р баг, Гоёот',280),(1312,'2-р баг, Баясах',280),(1313,'3-р баг, Тост',280),(1314,'4-р баг, Урт',280),(1315,'1-р баг, Өтгөн',281),(1316,'2-р баг, Баянхошуу',281),(1317,'3-р баг, Мандал',281),(1318,'1-р баг, Өехий',282),(1319,'2-р баг, Өгөөмөр',282),(1320,'3-р баг, Жаргалант',282),(1321,'4-р баг, Далай',282),(1322,'1-р баг, Сайран',283),(1323,'2-р баг, Ганзагад',283),(1324,'1-р баг, Хармагтай',284),(1325,'2-р баг, Төхөм',284),(1326,'3-р баг, Дэрсэнэ-Ус',284),(1327,'4-р баг, Эмгэнбулаг',284),(1328,'5-р баг, Богт',284),(1329,'1-р баг, Сайншанд',285),(1330,'2-р баг, Хоолт',285),(1331,'3-р баг, Бүйлсэн',285),(1332,'1-р баг, Номгон',1),(1333,'2-р баг, Гавилууд',1),(1334,'3-р баг, Жавхлант',1),(1335,'4-р баг, Баян',1),(1336,'1-р баг, Мандах',2),(1337,'2-р баг, Өгөөмөр',2),(1338,'3-р баг, Хондот',2),(1339,'4-р баг, Жаргалант',2),(1340,'1-р баг, Жанжин',3),(1341,'2-р баг, Тулга',3),(1342,'3-р баг, Хүрмэн',3),(1343,'1-р баг, Замын шанд',4),(1344,'2-р баг, Бортээг',4),(1345,'3-р баг, Найз',4),(1346,'1-р баг, Сийрст',5),(1347,'2-р баг, Билгэх',5),(1348,'3-р баг ,Цагаан-Овоо',5),(1349,'1-р баг',6),(1350,'2-р баг',6),(1351,'3-р баг',6),(1352,'4-р баг',6),(1353,'5-р баг',6),(1354,'6-р баг',6),(1355,'7-р баг',6),(1356,'8-р баг',6),(1357,'9-р баг',6),(1358,'1-р баг, Өлзийт',7),(1359,'2-р баг, Дөхөм',7),(1360,'3-р баг, Их-Уул',7),(1361,'4-р баг, Жаргалант',7),(1362,'1-р баг, Баян',8),(1363,'2-р баг, Дэлгэр',8),(1364,'3-р баг, Төв',8),(1365,'4-р баг, Дөхөм',8),(1366,'5-р баг, Хонгор',8),(1367,'6-р баг, Ширээт',8),(1368,'1-р баг, Өрнө дэрс',9),(1369,'2-р баг, Бадрах',9),(1370,'3-р баг, Аман-Ус',9),(1371,'4-р баг, Овоот',9),(1372,'1-р баг, баянтэрэм',10),(1373,'2-р баг, Баян-Уул',10),(1374,'3-р баг, Баянцагаан',10),(1375,'4-р баг, Баясгалант',10),(1376,'5-р баг, Бүрэнцогт',10),(1377,'1-р баг, Гүн худаг',11),(1378,'2-р баг, Тосонгийн гол',11),(1379,'3-р баг, Наранбулаг',11),(1380,'1-р баг, Ихбулаг',12),(1381,'2-р баг, Шарбүрд',12),(1382,'3-р баг, Нүдэн',12),(1383,'4-р баг, Цөнгөрөг',12),(1384,'2-р баг, Ширхэнцэг',26),(1385,'3-р баг, Баянсуудал',26),(1386,'4-р баг, Хэрх',26),(1387,'5-р баг, Түнхэл',26),(1388,'1-р баг, Орхон',27),(1389,'2-р баг, Бэлэндалай',27),(1390,'1-р баг, Рашаант',28),(1391,'2-р баг, Баянцогт',28),(1392,'3-р баг, Хонгор-Овоо',28),(1393,'1-р баг, Хөтөл',29),(1394,'2-р баг, Гавшгай',29),(1395,'3-р баг, Номгон',29),(1396,'1-р баг, Ивэн',30),(1397,'2-р баг, Хушаат',30),(1398,'1-р баг, Жаргалмандах',31),(1399,'2-р баг, Ар нуга',31),(1400,'1-р баг, Тарвагатай',32),(1401,'2-р баг, Баянцагаан',32),(1402,'1-р баг, Даагат',33),(1403,'2-р баг, Мөнхтолгой',33),(1404,'1-р баг, Оргих',34),(1405,'2-р баг, Хуурч',34),(1406,'3-р баг, Тийрэг',34),(1407,'1-р баг, Дэлгэрхаан',35),(1408,'2-р баг, Охиндий',35),(1409,'3-р баг, Дулаанхаан',35),(1410,'1-р баг, Номт',36),(1411,'2-р баг, Ланс',36),(1412,'3-р баг, Баянхошуу',36),(1413,'4-р баг, Зүүндэлгэр',36),(1414,'5-р баг, Нацагдорж',36),(1415,'6-р баг, Баруун зуунмод',36),(1416,'1-р баг, Сумт',37),(1417,'2-р баг, Аргал',37),(1418,'3-р баг, Алтан-Овоо',37),(1419,'4-р баг, Замт',37),(1420,'1-р баг, Аргалын уул',38),(1421,'2-р баг, Хөшөөт',38),(1422,'1-р баг, Ноён шанд',39),(1423,'2-р баг, Нарст',39),(1424,'1-р баг, Мандал',40),(1425,'2-р баг, цогтөндөр',40),(1426,'3-р баг, Баянгол',40),(1427,'4-р баг, Үдлэг',40),(1428,'1-р баг, Цант хөдөө',41),(1429,'2-р баг, Өгөөмөр',41),(1430,'3-р баг, Цавчир',41),(1431,'1-р баг, Байдлаг',42),(1432,'2-р баг, Галуут',42),(1433,'1-р баг, Жаргалант',43),(1434,'2-р баг, Улаан ухаа',43),(1435,'3-р баг, Эрдэнэ',43),(1436,'1-р баг, Бараат',44),(1437,'2-р баг, Цээл',44),(1438,'3-р баг, Бүрд',44),(1439,'5-р баг, Хавирга',12),(1440,'1-р баг, Баянгол',13),(1441,'2-р баг, Хайлааст',13),(1442,'3-р баг, Хулгар',13),(1443,'4-р баг, Ланз',13),(1444,'5-р баг, Шинэбулаг',13),(1445,'1-р баг, Сэргэлэн',14),(1446,'2-р баг, Өлзийт',14),(1447,'3-р баг, Үнэгт',14),(1448,'4-р баг, Дэлгэрхаан',14),(1449,'5-р баг, Өгөөмөр',14),(1450,'1-р баг, Лхүмбэ',15),(1451,'2-р баг, Хошмиг',15),(1452,'3-р баг, Баян-Овоо',15),(1453,'1-р баг, Баян',16),(1454,'2-р баг, Жаргалант',16),(1455,'3-р баг, Тэгш',16),(1456,'4-р баг, Жавхлант',16),(1457,'5-р баг, Дэлгэр',16),(1458,'1-р баг, Халзан шанд',17),(1459,'2-р баг, Сахиул',17),(1460,'3-р баг, Сайншанд',17),(1461,'4-р баг, Хатавч',17),(1462,'1-р баг, Хөдлөн хайлааст',18),(1463,'2-р баг, Цагаан овоо',18),(1464,'3-р баг, Бадрах',18),(1465,'4-р баг, Хонгор',18),(1466,'5-р баг, Билүүт',18),(1467,'6-р баг, Жаргалант',18),(1468,'7-р баг, Хадын булаг',18),(1469,'8-р баг, Алтан овоо',18),(1470,'1-р баг, Хонгорморьт',19),(1471,'2-р баг, Цагаан-Эрэг',19),(1472,'3-р баг, Салхит',19),(1473,'4-р баг, Баянхаан',19),(1474,'5-р баг, Боргүвээ',19),(1475,'1-р баг, Бүргэдэй',20),(1476,'2-р баг, Суварга',20),(1477,'3-р баг, Цөх',20),(1478,'1-р баг, Ивэн',21),(1479,'2-р баг, Бургалтай',21),(1480,'3-р баг, Цагаан-Овоо',21),(1481,'1-р баг, Хараа',22),(1482,'2-р баг, Баян',22),(1483,'3-р баг, Гонир',22),(1484,'1-р баг, Тавин',23),(1485,'2-р баг, Буурагчин',23),(1486,'3-р баг, Бугант',23),(1487,'1-р баг, Бумбат',24),(1488,'2-р баг, Моностой',24),(1489,'1-р баг, Жаргалант',25),(1490,'2-р баг, Бэлчир',25),(1491,'3-р баг, Мангирт',25),(1492,'1-р баг, Төмөр зам',26),(1493,'1-р баг, Найрамдал',45),(1494,'2-р баг, Хөшөөт',45),(1495,'1-р баг, Өлзийт',46),(1496,'2-р баг, Баян айраг',46),(1497,'3-р баг, Гурван түрүү',46),(1498,'4-р баг, Алтат',46),(1499,'5-р баг, Зогсоол',46),(1500,'1-р баг, Гуна',47),(1501,'2-р баг, Сарлаг',47),(1502,'3-р баг, Даргиат',47),(1503,'1-р баг, Чандмань',48),(1504,'2-р баг, Замт',48),(1505,'3-р баг, Эрдэнэ',48),(1506,'1-р баг, Өгөөмөр',49),(1507,'2-р баг, Мандал',49),(1508,'3-р баг, Бичигт',49),(1509,'4-р баг, Нарт',49),(1510,'1-р баг, Төхөм',50),(1511,'2-р баг, Баянцогт',50),(1512,'3-р баг, Монгол',50),(1513,'4-р баг, Эрдэнэхангай',50),(1514,'5-р баг, Өнжүүл',50),(1515,'1-р баг, Тарган',51),(1516,'2-р баг, Дуут-Хуримт',51),(1517,'3-р баг, Давст',51),(1518,'1-р баг, Буурал',52),(1519,'2-р баг, Өгөөмөр',52),(1520,'3-р баг, Баянбулаг',52),(1521,'4-р баг, Загдал',52),(1522,'1-р баг, Тосон',53),(1523,'2-р баг, Төмстэй',53),(1524,'3-р баг, Хайлааст',53),(1525,'4-р баг, Төв',53),(1526,'1-р баг, Цагаан уул',54),(1527,'2-р баг, Өгөөмөр',54),(1528,'3-р баг, Төв',54),(1529,'1-р баг, Жаргалант',55),(1530,'2-р баг, Байдлаг',55),(1531,'3-р баг, Булаг',55),(1532,'1-р баг, Баянтуул',56),(1533,'2-р баг, Хайрхан',56),(1534,'3-р баг, Уянга',56),(1535,'4-р баг, Сант',56),(1536,'1-р баг, Сүмбэр',57),(1537,'2-р баг, Жавхлант',57),(1538,'1-р баг, Баянбүрд',58),(1539,'2-р баг, Хайрхан',58),(1540,'3-р баг, Хөшиг',58),(1541,'1-р баг, Оргил',60),(1542,'2-р баг, Талын хайрхан',60),(1543,'3-р баг, Майхан',60),(1544,'4-р баг, Сүүл буга',60),(1545,'5-р баг, Хүүлэй хан',60),(1546,'1-р баг, Өгөөмөр',61),(1547,'2-р баг, Чулуут',61),(1548,'3-р баг, Баянтуул',61),(1549,'4-р баг, Хушинга',61),(1550,'5-р баг, Тамган',61),(1551,'1-р баг, Баян-Уул',62),(1552,'2-р баг, Баргилт',62),(1553,'3-р баг, Буянт',62),(1554,'4-р баг, Угалзат',62),(1555,'5-р баг, Улаанхудаг',62),(1556,'1-р баг',63),(1557,'2-р баг',63),(1558,'3-р баг',63),(1559,'4-р баг',63),(1560,'5-р баг',63),(1561,'6-р баг',63),(1562,'7-р баг',63),(1563,'8-р баг',63),(1564,'9-р баг',63),(1565,'10-р баг',63),(1566,'11-р баг',63),(1567,'1-р баг, Туруун',64),(1568,'2-р баг, Шанд',64),(1569,'3-р баг, Баян-Айраг',64),(1570,'4-р баг, Зүүн туруун',64),(1571,'1-р баг, Гурван жигэртэй',65),(1572,'2-р баг, Хар алтат',65),(1573,'3-р баг, Байшинт',65),(1574,'1-р баг, Торхилог',66),(1575,'2-р баг, Зүүнхөвөө',66),(1576,'3-р баг, Хандгайт',66),(1577,'1-р баг, Айраг нуур',67),(1578,'2-р баг, Хармагт',67),(1579,'3-р баг, Хяргас нуур',67),(1580,'4-р баг, Шар булаг',67),(1581,'1-р баг, Баяннуур',68),(1582,'2-р баг, Өгөөмөр',68),(1583,'3-р баг, Суврага',68),(1584,'4-р баг, Тохой',68),(1585,'5-р баг, Зэлийн гол',68),(1586,'1-р баг, Даланбулаг',69),(1587,'2-р баг, Баянгол',69),(1588,'3-р баг, Жаргалант',69),(1589,'4-р баг, Хайрхан',69),(1590,'1-р баг, Баянмандал',70),(1591,'2-р баг, Цалгар',70),(1592,'3-р баг, Баянхайрхан',70),(1593,'4-р баг, Баян-Эрдэнэ',70),(1594,'1-р баг, Гүн бүрд',71),(1595,'2-р баг, Алдар',71),(1596,'3-р баг, Хужирт',71),(1597,'4-р баг, Улаан-Үзүүр',71),(1598,'1-р баг, Чаргат',72),(1599,'2-р баг, Өлгий нуур',72),(1600,'3-р баг, Хулст нуур',72),(1601,'4-р баг, Хөдөлмөр',72),(1602,'1-р баг, Холбоо',73),(1603,'2-р баг, Улиаст',73),(1604,'3-р баг, Орлого',73),(1605,'4-р баг, Баянгол',73),(1606,'5-р баг, Намир',73),(1607,'1-р баг, Цалуу',74),(1608,'2-р баг, Батсайхан',74),(1609,'3-р баг, Цагааннуур',74),(1610,'4-р баг, Жаргалант',74),(1611,'5-р баг, Цэцэрлэг',74),(1612,'1-р баг, Баянзүрх',75),(1613,'2-р баг, Боршоо',75),(1614,'3-р баг, Өндөр мод',75),(1615,'4-р баг, Үүрэг нуур',75),(1616,'5-р баг, Хар мод',75),(1617,'1-р баг, Бургастай',76),(1618,'2-р баг, Тарвагатай',76),(1619,'3-р баг, Мянган',76),(1620,'4-р баг, Толь',76),(1621,'5-р баг, Хөхөө',76),(1622,'6-р баг, Хархираа',76),(1623,'1-р баг, Баянхайрхан',77),(1624,'2-р баг, Рашаант',77),(1625,'3-р баг, Эрдэнэхайрхан',77),(1626,'1-р баг',78),(1627,'2-р баг',78),(1628,'3-р баг',78),(1629,'4-р баг',78),(1630,'5-р баг',78),(1631,'6-р баг',78),(1632,'8-р баг',78),(1633,'9-р баг',78),(1634,'10-р баг',78),(1635,'11-р баг',78),(1636,'1-р баг, Ховд',79),(1637,'2-р баг, Шивэр',79),(1638,'3-р баг, Ачит',79),(1639,'4-р баг, Халиунбулаг',79),(1640,'1-р баг, Хангай',80),(1641,'2-р баг, Бугат',80),(1642,'3-р баг, Хайрхан',80),(1643,'4-р баг, Дэлгэр',80),(1644,'1-р баг, Хулж',81),(1645,'2-р баг, Даланхуруу',81),(1646,'3-р баг, Хунт',81),(1647,'4-р баг, Арбулаг',81),(1648,'1-р баг, Алагтолгой',82),(1649,'2-р баг, Баатархайрхан',82),(1650,'3-р баг, Бичигт',82),(1651,'4-р баг, Бугат',82),(1652,'5-р баг, Буянт',82),(1653,'6-р баг, Жаргалан',82),(1654,'7-р баг, Магсаржав',82),(1655,'8-р баг, Наран',82),(1656,'9-р баг, Рашаант',82),(1657,'10-р баг, Тахилт',82),(1658,'11-р баг, Хайрхан',82),(1659,'12-р баг, Цамбагарав',82),(1660,'1-р баг, Бодонч',83),(1661,'2-р баг, Алтангадас',83),(1662,'3-р баг, Барлаг',83),(1663,'4-р баг, Тахилт',83),(1664,'1-р баг, Баянгол',84),(1665,'2-р баг, Баянсудал',84),(1666,'3-р баг, Байтаг',84),(1667,'4-р баг, Алагтолгой',84),(1668,'5-р баг, Далт',84),(1669,'6-р баг, Бүрэнхайрхан',84),(1670,'1-р баг, Нарийн гол',85),(1671,'2-р баг, Цагаанбургас',85),(1672,'3-р баг, Наранхайрхан',85),(1673,'4-р баг, Цагаан-Эрэг',85),(1674,'5-р баг, Норжинхайрхан',85),(1675,'1-р баг, Булаг',86),(1676,'2-р баг, Дэлгэр',86),(1677,'3-р баг, Мөрөн',86),(1678,'4-р баг, Мөнгөн аяга',86),(1679,'5-р баг, Булган',86),(1680,'1-р баг, Агваш',87),(1681,'2-р баг, Сээр',87),(1682,'3-р баг, Аргалант',87),(1683,'4-р баг, Өгөөмөр',87),(1684,'1-р баг, Шивэр',88),(1685,'2-р баг, Хөх бэлчир',88),(1686,'3-р баг, Цагаан бургас',88),(1687,'4-р баг, Босго',88),(1688,'1-р баг, Гүвээ',89),(1689,'2-р баг, Бургасан',89),(1690,'3-р баг, Бураа',89),(1691,'4-р баг, Эхэн',89),(1692,'5-р баг, Хөндлөн',89),(1693,'1-р баг, Тахилт',90),(1694,'2-р баг, Зэрэг гол',90),(1695,'3-р баг, Улаан хүрээ',90),(1696,'4-р баг, Эрдэнэ-Уул',58),(1697,'5-р баг, Авдар',58),(1698,'1-р баг, Талын уул',59),(1699,'2-р баг, Асгат',59),(1700,'3-р баг, Хар чулуут',59),(1701,'Хатгал тосгон',100),(1702,'6-р баг, Орхон',19),(1703,'21-р хороо',150),(1704,'22-р хороо',150),(1705,'23-р хороо',150),(1706,'25-р хороо',151),(1707,'6-р баг',328),(1708,'26-р хороо',151),(1709,'27-р хороо',151),(1710,'7-р хороо',152),(1711,'26-р хороо',153),(1712,'27-р хороо',153),(1713,'28-р хороо',153),(1714,'29-р хороо',153),(1715,'30-р хороо',153),(1716,'32-р хороо',153),(1717,'19-р хороо',154),(1718,'20-р хороо',154),(1719,'15-р хороо',155),(1720,'5-р хороо',148),(1721,'10-р баг, Ноён',257),(1722,'6-р баг, Баянхангай',26),(1723,'7-р баг, Минжийнхангай',26),(1724,'8-р баг, Тарни',26),(1725,'9-р баг, Баянарцат',26),(1726,'7-р баг, Ган зам',19),(1727,'8-р баг, Буур хээр',19),(1728,'28-р хороо',151),(1729,'31-р хороо',153),(1730,'16-р хороо',155),(1731,'17-р баг, Өргөө баг',139),(1732,'18-р баг, Малчин',139),(1733,'4-р баг, Аргалхайрхан',338),(1734,'4-р баг, Өгөөмөр',5),(1735,'5-р баг, Хайрхан',1),(1736,'6-р баг',190),(1737,'7-р баг',190);
/*!40000 ALTER TABLE `main_bag_khoroo` ENABLE KEYS */;
UNLOCK TABLES;

--
-- Table structure for table `main_nershil`
--

DROP TABLE IF EXISTS `main_nershil`;
/*!40101 SET @saved_cs_client     = @@character_set_client */;
/*!40101 SET character_set_client = utf8 */;
CREATE TABLE `main_nershil` (
  `id` int(11) NOT NULL AUTO_INCREMENT,
  `name` varchar(100) NOT NULL,
  PRIMARY KEY (`id`)
) ENGINE=InnoDB AUTO_INCREMENT=5 DEFAULT CHARSET=utf8;
/*!40101 SET character_set_client = @saved_cs_client */;

--
-- Dumping data for table `main_nershil`
--

LOCK TABLES `main_nershil` WRITE;
/*!40000 ALTER TABLE `main_nershil` DISABLE KEYS */;
INSERT INTO `main_nershil` VALUES (1,'алхан'),(2,'нар сар'),(3,'дөрвөлжин'),(4,'гал');
/*!40000 ALTER TABLE `main_nershil` ENABLE KEYS */;
UNLOCK TABLES;

--
-- Table structure for table `main_soum_district`
--

DROP TABLE IF EXISTS `main_soum_district`;
/*!40101 SET @saved_cs_client     = @@character_set_client */;
/*!40101 SET character_set_client = utf8 */;
CREATE TABLE `main_soum_district` (
  `id` int(11) NOT NULL AUTO_INCREMENT,
  `name` varchar(50) NOT NULL,
  `aim_id` int(11) DEFAULT NULL,
  PRIMARY KEY (`id`),
  KEY `surveys_soum_di_aim_id_7c82d55d8bedd9ba_fk_surveys_aimag_city_id` (`aim_id`),
  CONSTRAINT `surveys_soum_di_aim_id_7c82d55d8bedd9ba_fk_surveys_aimag_city_id` FOREIGN KEY (`aim_id`) REFERENCES `main_aimag_city` (`id`)
) ENGINE=InnoDB AUTO_INCREMENT=339 DEFAULT CHARSET=utf8;
/*!40101 SET character_set_client = @saved_cs_client */;

--
-- Dumping data for table `main_soum_district`
--

LOCK TABLES `main_soum_district` WRITE;
/*!40000 ALTER TABLE `main_soum_district` DISABLE KEYS */;
INSERT INTO `main_soum_district` VALUES (1,'Ханбогд',46),(2,'Ханхонгор',46),(3,'Хүрмэн',46),(4,'Цогт-Овоо',46),(5,'Цогтцэций',46),(6,'Баруун-Урт',22),(7,'Асгат',22),(8,'Баяндэлгэр',22),(9,'Дарьганга',22),(10,'Мөнххаан',22),(11,'Наран',22),(12,'Онгон',22),(13,'Сүхбаатар',22),(14,'Түвшинширээ',22),(15,'Түмэнцогт',22),(16,'Уулбаян',22),(17,'Халзан',22),(18,'Эрдэнэцагаан',22),(19,'Сүхбаатар',43),(20,'Алтанбулаг',43),(21,'Баруунбүрэн',43),(22,'Баянгол',43),(23,'Ерөө',43),(24,'Жавхлант',43),(25,'Зүүнбүрэн',43),(26,'Мандал',43),(27,'Орхон',43),(28,'Орхонтуул',43),(29,'Сайхан',43),(30,'Сант',43),(31,'Түшиг',43),(32,'Хүдэр',43),(33,'Хушаат',43),(34,'Цагааннуур',43),(35,'Шаамар',43),(36,'Зуунмод',41),(37,'Алтанбулаг',41),(38,'Аргалант',41),(39,'Архуст',41),(40,'Батсүмбэр',41),(41,'Баян',41),(42,'Баяндэлгэр',41),(43,'Баянжаргалан',41),(44,'Баян-Өнжүүл',41),(45,'Баянхангай',41),(46,'Баянцагаан',41),(47,'Баянцогт',41),(48,'Баянчандмань',41),(49,'Борнуур',41),(50,'Бүрэн',41),(51,'Дэлгэрхаан',41),(52,'Жаргалант',41),(53,'Заамар',41),(54,'Лүн',41),(55,'Мөнгөнморьт',41),(56,'Өндөрширээт',41),(57,'Сүмбэр',41),(58,'Сэргэлэн',41),(59,'Угтаалцайдам',41),(60,'Цээл',41),(61,'Эрдэнэ',41),(62,'Эрдэнэсант',41),(63,'Улаангом',85),(64,'Баруунтуруун',85),(65,'Бөхмөрөн',85),(66,'Давст',85),(67,'Завхан',85),(68,'Зүүнговь',85),(69,'Зүүнхангай',85),(70,'Малчин',85),(71,'Наранбулаг',85),(72,'Өлгий',85),(73,'Өмнөгөвь',85),(74,'Өндөрхангай',85),(75,'Сагил',85),(76,'Тариалан',85),(77,'Түргэн',85),(78,'Тэс',85),(79,'Ховд',85),(80,'Хяргас',85),(81,'Цагаанхайрхан',85),(82,'Жаргалант',84),(83,'Алтай',84),(84,'Булган',84),(85,'Буянт',84),(86,'Дарви',84),(87,'Дөргөн',84),(88,'Дуут',84),(89,'Зэрэг',84),(90,'Манхан',84),(91,'Мөнххайрхан',84),(92,'Мөст',84),(93,'Мянгад',84),(94,'Үенч',84),(95,'Ховд',84),(96,'Цэцэг',84),(97,'Чандмань',84),(98,'Эрдэнэбүрэн',84),(99,'Мөрөн',67),(100,'Алаг-Эрдэнэ',67),(101,'Арбулаг',67),(102,'Баянзүрх',67),(103,'Бүрэнтогтох',67),(104,'Галт',67),(105,'Жаргалант',67),(106,'Их-Уул',67),(107,'Рашаант',67),(108,'Рэнчинлхүмбэ',67),(109,'Тариалан',67),(110,'Тосонцэнгэл',67),(111,'Төмөрбулаг',67),(112,'Түнэл',67),(113,'Улаан-Уул',67),(114,'Ханх',67),(115,'Цагааннуур',67),(116,'Цагаан-Уул',67),(117,'Цагаан-Үүр',67),(118,'Цэцэрлэг',67),(119,'Чандмань-Өндөр',67),(120,'Шинэ-Идэр',67),(121,'Эрдэнэбулган',67),(122,'Хэрлэн',23),(123,'Батноров',23),(124,'Батширээт',23),(125,'Баян-Адарга',23),(126,'Баянмөнх',23),(127,'Баян-Овоо',23),(128,'Баянхутаг',23),(129,'Биндэр',23),(130,'Галшар',23),(131,'Дадал',23),(132,'Дархан',23),(133,'Дэлгэрхаан',23),(134,'Жаргалтхаан',23),(135,'Мөрөн',23),(136,'Норовлин',23),(137,'Өмнөдэлгэр',23),(138,'Цэнхэрмандал',23),(139,'Дархан',45),(140,'Орхон',45),(141,'Хонгор',45),(142,'Шарын Гол',45),(143,'Баян-Өндөр',61),(144,'Жаргалант',61),(145,'Сүмбэр',42),(146,'Баянтал',42),(147,'Шивээговь',42),(148,'Багануур',11),(149,'Багахангай',11),(150,'Баянгол',11),(151,'Баянзүрх',11),(152,'Налайх',11),(153,'Сонгинохайрхан',11),(154,'Сүхбаатар',11),(155,'Хан-Уул',11),(156,'Чингэлтэй',11),(157,'Эрдэнэбулган',65),(158,'Батцэнгэл',65),(159,'Булган',65),(160,'Жаргалант',65),(161,'Их Тамир',65),(162,'Өгийнуур',65),(163,'Өлзийт',65),(164,'Өндөр-Улаан',65),(165,'Тариат',65),(166,'Сайхан',63),(167,'Сэлэнгэ',63),(168,'Тэшиг',63),(169,'Хангал',63),(170,'Хишиг-Өндөр',63),(171,'Хутаг-Өндөр',63),(172,'Есөнбулаг',82),(173,'Алтай',82),(174,'Баян-Уул',82),(175,'Бигэр',82),(176,'Бугат',82),(177,'Дарив',82),(178,'Дэлгэр',82),(179,'Жаргалан',82),(180,'Тайшир',82),(181,'Тонхил',82),(182,'Төгрөг',82),(183,'Халиун',82),(184,'Хөхморьт',82),(185,'Цогт',82),(186,'Цээл',82),(187,'Чандмань',82),(188,'Шарга',82),(189,'Эрдэнэ',82),(190,'Сайншанд',44),(191,'Айраг',44),(192,'Алтанширээ',44),(193,'Даланжаргалан',44),(194,'Дэлгэрэх',44),(195,'Замын-Үүд',44),(196,'Иххэт',44),(197,'Мандах',44),(198,'Өргөн',44),(199,'Сайхандулаан',44),(200,'Улаанбадрах',44),(201,'Хатанбулаг',44),(202,'Хөвсгөл',44),(203,'Эрдэнэ',44),(204,'Хэрлэн',21),(205,'Баяндун',21),(206,'Баянтүмэн',21),(207,'Баян-Уул',21),(208,'Булган',21),(209,'Гурванзагал',21),(210,'Дашбалбар',21),(211,'Матад',21),(212,'Сэргэлэн',21),(213,'Халхгол',21),(214,'Хөлөнбуйр',21),(215,'Цагаан-Овоо',21),(216,'Чойбалсан',21),(217,'Чулуунхороот',21),(218,'Сайнцагаан',48),(219,'Адаацаг',48),(220,'Баянжаргалан',48),(221,'Говь-Угтаал',48),(222,'Гурвансайхан',48),(223,'Дэлгэрхангай',48),(224,'Дэлгэрцогт',48),(225,'Дэрэн',48),(226,'Луус',48),(227,'Өлзийт',48),(228,'Өндөршил',48),(229,'Сайхан-Овоо',48),(230,'Хулд',48),(231,'Цагаандэлгэр',48),(232,'Эрдэнэдалай',48),(233,'Улиастай',81),(234,'Алдархаан',81),(235,'Асгат',81),(236,'Баянтэс',81),(237,'Баянхайрхан',81),(238,'Дөрвөлжин',81),(239,'Завханмандал',81),(240,'Идэр',81),(241,'Их-Уул',81),(242,'Нөмрөг',81),(243,'Отгон',81),(244,'Сантмаргац',81),(245,'Сонгино',81),(246,'Тосонцэнгэл',81),(247,'Түдэвтэй',81),(248,'Тэлмэн',81),(249,'Тэс',81),(250,'Ургамал',81),(251,'Цагаанхайрхан',81),(252,'Цагаанчулуут',81),(253,'Цэцэн-Уул',81),(254,'Шилүүстэй',81),(255,'Эрдэнэхайрхан',81),(256,'Яруу',81),(257,'Арвайхээр',62),(258,'Баруунбаян-Улаан',62),(259,'Бат-Өлзий',62),(260,'Баянгол',62),(261,'Баян-Өндөр',62),(262,'Богд',62),(263,'Бүрд',62),(264,'Гучин-Ус',62),(265,'Есөн Зүйл',62),(266,'Зүүнбаян-Улаан',62),(267,'Нарийнтээл',62),(268,'Өлзийт',62),(269,'Сант',62),(270,'Тарагт',62),(271,'Төгрөг',62),(272,'Уянга',62),(273,'Хайрхандулаан',62),(274,'Хархорин',62),(275,'Хужирт',62),(276,'Даланзадгад',46),(277,'Баяндалай',46),(278,'Баян-Овоо',46),(279,'Булган',46),(280,'Гурвантэс',46),(281,'Мандал-Овоо',46),(282,'Манлай',46),(283,'Ноён',46),(284,'Номгон',46),(285,'Сэврэй',46),(286,'Төвшрүүлэх',65),(287,'Хайрхан',65),(288,'Хангай',65),(289,'Хашаат',65),(290,'Хотонт',65),(291,'Цахир',65),(292,'Цэнхэр',65),(293,'Цэцэрлэг',65),(294,'Чулуут',65),(295,'Эрдэнэмандал',65),(296,'Өлгий',83),(297,'Алтай',83),(298,'Алтанцөгц',83),(299,'Баяннуур',83),(300,'Бугат',83),(301,'Булган',83),(302,'Буянт',83),(303,'Дэлүүн',83),(304,'Ногооннуур',83),(305,'Сагсай',83),(306,'Толбо',83),(307,'Улаанхус',83),(308,'Цэнгэл',83),(309,'Баянхонгор',64),(310,'Баацагаан',64),(311,'Баянбулаг',64),(312,'Баянговь',64),(313,'Баянлиг',64),(314,'Баян-Овоо',64),(315,'Баян-Өндөр',64),(316,'Баянцагаан',64),(317,'Богд',64),(318,'Бөмбөгөр',64),(319,'Бууцагаан',64),(320,'Галуут',64),(321,'Гурванбулаг',64),(322,'Жаргалант',64),(323,'Жинст',64),(324,'Заг',64),(325,'Өлзийт',64),(326,'Хүрээмарал',64),(327,'Шинэжинст',64),(328,'Эрдэнэцогт',64),(329,'Булган',63),(330,'Баян-Агт',63),(331,'Баяннуур',63),(332,'Бугат',63),(333,'Бүрэгхангай',63),(334,'Гурван Булаг',63),(335,'Дашинчилэн',63),(336,'Могод',63),(337,'Орхон',63),(338,'Рашаант',63);
/*!40000 ALTER TABLE `main_soum_district` ENABLE KEYS */;
UNLOCK TABLES;

--
-- Table structure for table `main_tamgas`
--

DROP TABLE IF EXISTS `main_tamgas`;
/*!40101 SET @saved_cs_client     = @@character_set_client */;
/*!40101 SET character_set_client = utf8 */;
CREATE TABLE `main_tamgas` (
  `id` int(11) NOT NULL AUTO_INCREMENT,
  `name` varchar(100) NOT NULL,
  `image` varchar(100) NOT NULL,
  PRIMARY KEY (`id`)
) ENGINE=InnoDB AUTO_INCREMENT=3 DEFAULT CHARSET=utf8;
/*!40101 SET character_set_client = @saved_cs_client */;

--
-- Dumping data for table `main_tamgas`
--

LOCK TABLES `main_tamgas` WRITE;
/*!40000 ALTER TABLE `main_tamgas` DISABLE KEYS */;
INSERT INTO `main_tamgas` VALUES (1,'alhan','tamga/doroot.jpg'),(2,'хар блах','');
/*!40000 ALTER TABLE `main_tamgas` ENABLE KEYS */;
UNLOCK TABLES;

--
-- Table structure for table `main_tamgas_nershil`
--

DROP TABLE IF EXISTS `main_tamgas_nershil`;
/*!40101 SET @saved_cs_client     = @@character_set_client */;
/*!40101 SET character_set_client = utf8 */;
CREATE TABLE `main_tamgas_nershil` (
  `id` int(11) NOT NULL AUTO_INCREMENT,
  `tamgas_id` int(11) NOT NULL,
  `nershil_id` int(11) NOT NULL,
  PRIMARY KEY (`id`),
  UNIQUE KEY `tamgas_id` (`tamgas_id`,`nershil_id`),
  KEY `main_tamgas_nersh_nershil_id_5716c86a63f73638_fk_main_nershil_id` (`nershil_id`),
  CONSTRAINT `main_tamgas_nershil_tamgas_id_aa7c27bbb357bb9_fk_main_tamgas_id` FOREIGN KEY (`tamgas_id`) REFERENCES `main_tamgas` (`id`),
  CONSTRAINT `main_tamgas_nersh_nershil_id_5716c86a63f73638_fk_main_nershil_id` FOREIGN KEY (`nershil_id`) REFERENCES `main_nershil` (`id`)
) ENGINE=InnoDB AUTO_INCREMENT=8 DEFAULT CHARSET=utf8;
/*!40101 SET character_set_client = @saved_cs_client */;

--
-- Dumping data for table `main_tamgas_nershil`
--

LOCK TABLES `main_tamgas_nershil` WRITE;
/*!40000 ALTER TABLE `main_tamgas_nershil` DISABLE KEYS */;
INSERT INTO `main_tamgas_nershil` VALUES (6,1,1),(7,1,3),(5,2,4);
/*!40000 ALTER TABLE `main_tamgas_nershil` ENABLE KEYS */;
UNLOCK TABLES;
/*!40103 SET TIME_ZONE=@OLD_TIME_ZONE */;

/*!40101 SET SQL_MODE=@OLD_SQL_MODE */;
/*!40014 SET FOREIGN_KEY_CHECKS=@OLD_FOREIGN_KEY_CHECKS */;
/*!40014 SET UNIQUE_CHECKS=@OLD_UNIQUE_CHECKS */;
/*!40101 SET CHARACTER_SET_CLIENT=@OLD_CHARACTER_SET_CLIENT */;
/*!40101 SET CHARACTER_SET_RESULTS=@OLD_CHARACTER_SET_RESULTS */;
/*!40101 SET COLLATION_CONNECTION=@OLD_COLLATION_CONNECTION */;
/*!40111 SET SQL_NOTES=@OLD_SQL_NOTES */;

-- Dump completed on 2016-03-20 14:53:18
